school,sex,age,address,famsize,Pstatus,Medu,Fedu,Mjob,Fjob,reason,guardian,traveltime,studytime,failures,schoolsup,famsup,paid,activities,nursery,higher,internet,romantic,famrel,freetime,goout,Dalc,Walc,health,absences,G1,G2,G3,grade_category,Prediction_Category,Prediction_Grade,Alert_Status,Model_Classif_Used,Model_Reg_Used
0,0,18,1,0,0,4,4,0,4,0,1,2,2,0,1,0,0,0,1,1,0,0,4,3,4,1,1,3,4,0,11,11,1,1,10.66,游 Surveillance: Moyen,RandomForest,RandomForest
0,0,17,1,0,1,1,1,0,2,0,0,1,2,0,0,1,0,0,0,1,1,0,5,3,3,1,1,3,2,9,11,11,1,1,11.01,游 Surveillance: Moyen,RandomForest,RandomForest
0,0,15,1,1,1,1,1,0,2,2,1,1,2,0,1,0,0,0,1,1,1,0,4,3,2,2,3,3,6,12,13,12,1,1,12.92,游 Surveillance: Moyen,RandomForest,RandomForest
0,0,15,1,0,1,4,2,1,3,1,1,1,3,0,0,1,0,1,1,1,1,1,3,2,2,1,1,5,0,14,14,14,2,2,14.51,游릭 Performance: Bon,RandomForest,RandomForest
0,0,16,1,0,1,3,3,2,2,1,0,1,2,0,0,1,0,0,1,1,0,0,4,3,2,1,2,5,0,11,13,13,1,1,13.03,游 Surveillance: Moyen,RandomForest,RandomForest
0,1,16,1,1,1,4,3,3,2,3,1,1,2,0,0,1,0,1,1,1,1,0,5,4,2,1,2,5,6,12,12,13,1,1,12.86,游 Surveillance: Moyen,RandomForest,RandomForest
0,1,16,1,1,1,2,2,2,2,1,1,1,2,0,0,0,0,0,1,1,1,0,4,4,4,1,1,3,0,13,12,13,1,1,12.58,游 Surveillance: Moyen,RandomForest,RandomForest
0,0,17,1,0,0,4,4,2,4,1,1,2,2,0,1,1,0,0,1,1,0,0,4,1,4,1,1,1,2,10,13,13,1,1,12.91,游 Surveillance: Moyen,RandomForest,RandomForest
0,1,15,1,1,0,3,2,3,2,1,1,1,2,0,0,1,0,0,1,1,1,0,4,2,2,1,1,1,0,15,16,17,2,2,16.72,游릭 Performance: Bon,RandomForest,RandomForest
0,1,15,1,0,1,3,4,2,2,1,1,1,2,0,0,1,0,1,1,1,1,0,5,5,1,1,1,5,0,12,12,13,1,1,12.86,游 Surveillance: Moyen,RandomForest,RandomForest
0,0,15,1,0,1,4,4,4,1,3,1,1,2,0,0,1,0,0,1,1,1,0,3,3,3,1,2,2,2,14,14,14,2,2,14.96,游릭 Performance: Bon,RandomForest,RandomForest
0,0,15,1,0,1,2,1,3,2,3,0,3,3,0,0,1,0,1,1,1,1,0,5,2,2,1,1,4,0,10,12,13,1,1,12.86,游 Surveillance: Moyen,RandomForest,RandomForest
0,1,15,1,1,1,4,4,1,3,0,0,1,1,0,0,1,0,1,1,1,1,0,4,3,3,1,3,5,0,12,13,12,1,1,12.36,游 Surveillance: Moyen,RandomForest,RandomForest
0,1,15,1,0,1,4,3,4,2,0,1,2,2,0,0,1,0,0,1,1,1,0,5,4,3,1,2,3,0,12,12,13,1,1,12.88,游 Surveillance: Moyen,RandomForest,RandomForest
0,1,15,1,0,0,2,2,2,2,1,2,1,3,0,0,1,0,0,1,1,1,1,4,5,2,1,1,3,0,14,14,15,2,2,14.94,游릭 Performance: Bon,RandomForest,RandomForest
0,0,16,1,0,1,4,4,1,2,1,1,1,1,0,0,1,0,0,1,1,1,0,4,4,4,1,2,2,6,17,17,17,2,2,17.16,游릭 Performance: Bon,RandomForest,RandomForest
0,0,16,1,0,1,4,4,3,3,3,1,1,3,0,0,1,0,1,1,1,1,0,3,2,3,1,2,2,10,13,13,14,2,2,13.74,游릭 Performance: Bon,RandomForest,RandomForest
0,0,16,1,0,1,3,3,2,2,3,1,3,2,0,1,1,0,1,1,1,0,0,5,3,2,1,1,4,2,13,14,14,2,2,13.92,游릭 Performance: Bon,RandomForest,RandomForest
0,1,17,1,0,1,3,2,3,3,0,1,1,1,3,0,1,1,1,1,1,1,0,5,5,5,2,4,5,2,8,8,7,0,0,6.86,游댮 ALERTE: Risque 칄lev칠,RandomForest,RandomForest
0,1,16,1,1,1,4,3,1,2,1,0,1,1,0,0,0,0,1,1,1,1,0,3,1,3,1,3,5,6,12,12,12,1,1,12.38,游 Surveillance: Moyen,RandomForest,RandomForest
0,1,15,1,0,1,4,3,4,2,3,1,1,2,0,0,0,0,0,1,1,1,0,4,4,1,1,1,1,0,12,13,14,2,2,13.81,游릭 Performance: Bon,RandomForest,RandomForest
0,1,15,1,0,1,4,4,1,1,2,0,1,1,0,0,1,1,0,1,1,1,0,5,4,2,1,1,5,0,11,12,12,1,1,12.25,游 Surveillance: Moyen,RandomForest,RandomForest
0,1,16,1,1,1,4,2,4,2,0,1,1,2,0,0,0,0,1,1,1,1,0,4,5,1,1,3,5,0,12,13,14,2,2,13.57,游릭 Performance: Bon,RandomForest,RandomForest
0,1,16,1,1,1,2,2,2,2,3,1,2,2,0,0,1,0,1,1,1,1,0,5,4,4,2,4,5,2,10,10,10,1,1,10.11,游 Surveillance: Moyen,RandomForest,RandomForest
0,0,15,0,0,1,2,4,3,1,0,1,1,3,0,1,1,0,1,1,1,1,0,4,3,2,1,1,5,2,10,11,10,1,1,11.18,游 Surveillance: Moyen,RandomForest,RandomForest
0,0,16,1,0,1,2,2,3,3,1,1,1,1,0,0,1,0,0,0,1,1,0,1,2,2,1,3,5,6,10,11,12,1,1,11.72,游 Surveillance: Moyen,RandomForest,RandomForest
0,1,15,1,0,1,2,2,2,2,1,1,1,1,0,0,1,0,0,1,1,1,0,4,2,2,1,2,5,8,11,12,12,1,1,12.3,游 Surveillance: Moyen,RandomForest,RandomForest
0,1,15,1,0,1,4,2,1,3,2,1,1,1,0,0,0,0,0,1,1,1,0,2,2,4,2,4,1,0,11,11,11,1,1,11.12,游 Surveillance: Moyen,RandomForest,RandomForest
0,1,16,1,1,0,3,4,3,2,1,1,1,2,0,1,1,1,1,1,1,1,0,5,3,3,1,1,5,2,12,12,13,1,1,12.83,游 Surveillance: Moyen,RandomForest,RandomForest
0,1,16,1,0,1,4,4,4,4,1,1,1,2,0,0,1,1,1,1,1,1,1,4,4,5,5,5,5,4,12,11,12,1,1,11.95,游 Surveillance: Moyen,RandomForest,RandomForest
0,1,15,1,0,1,4,4,1,3,1,1,1,2,0,0,1,1,0,0,1,1,0,5,4,2,3,4,5,0,10,11,11,1,1,11.45,游 Surveillance: Moyen,RandomForest,RandomForest
0,1,15,1,0,1,4,4,3,3,3,1,2,2,0,0,1,0,1,1,1,1,0,4,3,1,1,1,5,2,15,15,15,2,2,15.7,游릭 Performance: Bon,RandomForest,RandomForest
0,1,15,0,0,1,4,3,4,0,0,1,1,2,0,0,1,0,1,1,1,1,1,4,5,2,1,1,5,0,13,14,15,2,2,14.89,游릭 Performance: Bon,RandomForest,RandomForest
0,1,15,1,1,1,3,3,2,2,0,1,1,2,0,0,0,0,1,0,1,1,0,5,3,2,1,1,2,0,13,12,12,1,1,12.36,游 Surveillance: Moyen,RandomForest,RandomForest
0,1,16,1,0,1,3,2,2,2,1,1,1,1,0,0,1,0,0,0,1,1,0,5,4,3,1,1,5,4,12,12,12,1,1,12.21,游 Surveillance: Moyen,RandomForest,RandomForest
0,0,15,1,0,1,2,3,2,2,2,0,2,1,0,0,1,0,1,1,1,0,0,3,5,1,1,1,5,4,11,11,11,1,1,11.03,游 Surveillance: Moyen,RandomForest,RandomForest
0,1,15,1,1,1,4,3,4,3,1,1,1,3,0,0,1,0,1,1,1,1,0,5,4,3,1,1,4,0,14,14,14,2,2,14.41,游릭 Performance: Bon,RandomForest,RandomForest
0,1,16,0,0,0,4,4,2,4,3,1,2,3,0,0,1,0,1,1,1,1,1,2,4,3,1,1,5,4,13,13,13,1,1,13.0,游 Surveillance: Moyen,RandomForest,RandomForest
0,0,15,0,0,1,3,4,3,1,0,1,1,3,0,1,1,0,1,1,1,1,0,4,3,2,1,1,5,2,11,12,12,1,1,12.24,游 Surveillance: Moyen,RandomForest,RandomForest
0,0,15,0,0,1,2,2,0,2,3,1,1,1,0,1,1,0,1,1,1,0,0,4,3,1,1,1,2,8,14,13,12,1,1,13.35,游 Surveillance: Moyen,RandomForest,RandomForest
0,0,16,1,1,1,2,2,2,2,1,1,2,2,0,0,1,0,1,0,1,1,1,3,3,3,1,2,3,16,11,11,10,1,1,10.4,游 Surveillance: Moyen,RandomForest,RandomForest
0,1,15,1,1,1,4,4,4,2,1,2,1,1,0,0,1,0,0,0,1,1,1,5,4,3,2,4,5,8,10,11,11,1,1,11.4,游 Surveillance: Moyen,RandomForest,RandomForest
0,1,15,1,0,1,4,4,3,4,0,0,1,2,0,0,1,0,1,1,1,1,0,4,3,3,1,1,5,0,14,15,15,2,2,15.29,游릭 Performance: Bon,RandomForest,RandomForest
0,1,15,1,0,1,2,2,3,3,0,0,1,1,0,1,1,0,0,1,1,1,0,5,4,1,1,1,1,0,9,10,10,1,1,9.93,游 Surveillance: Moyen,RandomForest,RandomForest
0,0,16,1,1,1,2,2,2,0,0,0,2,2,1,1,0,0,1,1,1,1,0,4,3,3,2,2,5,14,10,11,11,1,1,10.76,游 Surveillance: Moyen,RandomForest,RandomForest
0,0,15,1,1,0,4,3,2,2,0,1,1,2,0,1,1,1,1,1,1,1,1,5,2,2,1,1,5,4,10,11,11,1,1,11.24,游 Surveillance: Moyen,RandomForest,RandomForest
0,0,16,1,1,0,3,3,2,3,1,1,1,2,0,0,1,0,0,1,1,1,0,2,3,5,1,4,3,6,13,12,13,1,1,12.91,游 Surveillance: Moyen,RandomForest,RandomForest
0,1,16,1,0,1,4,3,1,3,3,1,1,4,0,0,0,0,1,1,1,1,0,4,2,2,1,1,2,2,17,17,17,2,2,17.19,游릭 Performance: Bon,RandomForest,RandomForest
0,1,15,1,0,1,4,2,4,2,1,1,1,2,0,0,1,0,0,1,1,0,0,4,3,3,2,2,5,4,11,12,13,1,1,12.87,游 Surveillance: Moyen,RandomForest,RandomForest
0,0,15,1,0,1,4,4,3,4,2,0,1,2,0,1,1,0,1,0,1,1,0,4,4,4,1,1,3,2,13,12,12,1,1,12.47,游 Surveillance: Moyen,RandomForest,RandomForest
0,0,16,1,1,1,2,2,3,3,0,1,3,2,0,0,1,0,0,1,1,1,0,4,3,3,2,3,4,0,14,13,13,1,1,13.19,游 Surveillance: Moyen,RandomForest,RandomForest
0,0,15,1,1,1,4,2,1,2,2,1,1,2,0,0,1,0,0,1,1,1,0,4,3,3,1,1,5,0,16,14,16,2,2,15.5,游릭 Performance: Bon,RandomForest,RandomForest
0,1,15,1,1,0,4,2,1,1,2,0,2,1,0,0,0,0,0,1,1,0,0,5,5,5,3,4,5,4,10,9,9,0,0,9.12,游댮 ALERTE: Risque 칄lev칠,RandomForest,RandomForest
0,0,15,1,0,1,4,4,3,3,0,1,1,1,0,1,1,0,0,1,1,1,0,3,3,4,2,3,5,0,13,12,12,1,1,12.17,游 Surveillance: Moyen,RandomForest,RandomForest
0,0,15,1,1,0,3,3,2,2,2,1,1,1,0,0,0,0,0,1,1,1,0,5,3,4,4,4,1,0,13,12,13,1,1,12.89,游 Surveillance: Moyen,RandomForest,RandomForest
0,0,16,1,0,0,2,1,2,2,2,1,1,2,0,0,0,0,1,1,1,1,1,5,3,4,1,1,2,2,12,13,12,1,1,13.46,游 Surveillance: Moyen,RandomForest,RandomForest
0,0,15,1,0,0,4,3,3,3,3,1,1,2,0,0,1,0,1,1,1,1,0,4,3,2,1,1,1,0,15,14,15,2,2,15.13,游릭 Performance: Bon,RandomForest,RandomForest
0,1,15,1,0,1,4,4,4,1,3,1,1,2,0,0,1,0,1,1,1,0,0,3,2,2,1,1,5,8,15,15,16,2,2,15.87,游릭 Performance: Bon,RandomForest,RandomForest
0,1,15,1,1,1,1,2,2,0,1,0,1,2,0,1,1,0,1,1,1,1,0,4,3,2,1,1,5,0,14,13,14,2,2,13.31,游릭 Performance: Bon,RandomForest,RandomForest
0,0,16,1,0,1,4,2,3,2,0,1,1,2,0,0,1,1,0,1,1,1,0,4,2,3,1,1,5,2,16,15,16,2,2,15.94,游릭 Performance: Bon,RandomForest,RandomForest
0,0,16,0,0,1,4,4,1,4,2,1,1,2,0,0,1,0,1,1,1,0,0,2,4,4,2,3,4,0,17,16,16,2,2,16.48,游릭 Performance: Bon,RandomForest,RandomForest
0,0,16,1,0,1,1,1,3,3,0,0,4,1,0,1,1,0,1,0,1,1,1,5,5,5,5,5,5,0,10,10,16,2,2,13.48,游릭 Performance: Bon,RandomForest,RandomForest
0,0,16,1,1,1,1,2,2,3,3,0,1,2,0,1,0,0,1,1,1,1,0,4,4,3,1,1,1,0,13,13,10,1,1,11.1,游 Surveillance: Moyen,RandomForest,RandomForest
0,0,16,1,0,1,4,3,4,1,1,1,1,3,0,1,1,0,1,1,1,1,0,3,4,4,2,4,4,0,14,13,13,1,1,13.35,游 Surveillance: Moyen,RandomForest,RandomForest
0,0,15,1,1,1,4,3,3,3,3,0,1,2,0,1,0,0,1,1,1,1,1,4,4,4,2,4,2,0,13,12,12,1,1,12.03,游 Surveillance: Moyen,RandomForest,RandomForest
0,0,16,1,1,1,4,3,4,3,0,1,3,2,0,0,1,0,1,1,1,1,0,5,4,3,1,2,1,2,16,15,16,2,2,15.32,游릭 Performance: Bon,RandomForest,RandomForest
0,1,15,1,0,0,4,4,2,3,3,1,1,4,0,0,1,0,1,0,1,1,1,1,3,3,5,5,3,0,11,12,12,1,1,11.79,游 Surveillance: Moyen,RandomForest,RandomForest
0,0,16,1,0,1,3,1,3,2,0,1,1,4,0,1,1,0,0,1,1,1,0,4,3,3,1,2,5,0,10,9,10,1,1,10.19,游 Surveillance: Moyen,RandomForest,RandomForest
0,0,15,0,1,1,2,2,1,3,3,1,2,2,0,1,1,0,0,1,1,1,0,4,1,3,1,3,4,0,11,10,11,1,1,10.8,游 Surveillance: Moyen,RandomForest,RandomForest
0,0,15,0,1,1,3,1,2,2,3,0,2,4,0,0,1,0,0,0,1,1,0,4,4,2,2,3,3,6,15,15,15,2,2,15.9,游릭 Performance: Bon,RandomForest,RandomForest
0,1,16,1,0,1,3,1,2,2,3,0,2,4,0,0,1,0,0,1,1,1,0,4,3,2,1,1,5,2,13,11,11,1,1,11.3,游 Surveillance: Moyen,RandomForest,RandomForest
0,1,15,1,0,1,4,2,2,2,0,1,1,4,0,0,0,0,0,1,1,1,0,3,3,3,1,1,3,0,11,9,10,1,1,10.19,游 Surveillance: Moyen,RandomForest,RandomForest
0,0,15,0,0,1,1,1,2,2,3,1,1,2,0,1,1,0,0,0,1,1,1,3,3,4,2,4,5,2,13,11,11,1,1,11.41,游 Surveillance: Moyen,RandomForest,RandomForest
0,1,16,1,0,1,3,1,2,2,3,1,1,1,0,0,0,0,1,1,1,0,0,5,3,2,2,2,5,0,13,13,14,2,2,13.67,游릭 Performance: Bon,RandomForest,RandomForest
0,0,16,1,0,1,3,3,2,3,1,1,1,2,0,1,1,0,1,1,1,1,0,4,3,3,2,4,5,4,11,11,11,1,1,11.09,游 Surveillance: Moyen,RandomForest,RandomForest
0,1,15,1,0,1,4,3,4,2,1,1,1,2,0,0,1,0,1,1,1,1,0,4,3,3,2,3,5,0,11,11,11,1,1,11.13,游 Surveillance: Moyen,RandomForest,RandomForest
0,1,15,1,0,1,4,0,4,2,0,1,2,4,0,0,0,0,1,1,1,1,0,3,4,3,1,1,1,0,12,11,11,1,1,11.32,游 Surveillance: Moyen,RandomForest,RandomForest
0,0,16,1,0,1,2,2,2,2,3,1,1,4,0,0,0,0,0,1,1,1,1,5,2,3,1,3,3,1,13,13,13,1,1,13.35,游 Surveillance: Moyen,RandomForest,RandomForest
0,1,17,1,0,1,2,1,2,2,1,1,2,1,3,1,1,0,1,1,0,1,0,4,5,1,1,1,3,0,9,9,10,1,1,9.53,游 Surveillance: Moyen,RandomForest,RandomForest
0,0,16,1,0,1,3,4,0,2,0,1,1,2,0,0,1,0,0,1,1,1,0,2,4,3,1,2,3,14,12,11,11,1,1,11.06,游 Surveillance: Moyen,RandomForest,RandomForest
0,1,15,1,0,1,2,3,2,3,0,0,1,1,0,1,1,0,1,0,1,1,1,3,2,2,1,3,3,0,11,11,12,1,1,11.75,游 Surveillance: Moyen,RandomForest,RandomForest
0,1,15,1,0,1,2,3,2,2,1,1,1,3,0,1,0,0,0,0,1,1,0,5,3,2,1,2,5,2,10,9,9,0,1,10.13,游 Surveillance: Moyen,RandomForest,RandomForest
0,0,15,1,1,1,3,2,3,2,3,1,1,2,0,0,1,0,0,1,1,1,0,4,4,4,1,1,5,4,12,11,11,1,1,11.17,游 Surveillance: Moyen,RandomForest,RandomForest
0,1,15,1,1,1,2,2,3,3,1,1,2,2,0,0,0,1,1,1,1,1,0,5,3,3,1,3,4,2,13,12,13,1,1,12.89,游 Surveillance: Moyen,RandomForest,RandomForest
0,0,15,1,0,1,1,1,2,2,1,0,1,2,0,0,1,0,1,0,1,1,0,4,3,2,2,3,4,2,13,12,12,1,1,12.26,游 Surveillance: Moyen,RandomForest,RandomForest
0,0,15,1,0,1,4,4,3,3,3,0,2,2,0,0,0,0,0,1,1,1,1,4,4,4,2,3,5,4,12,11,12,1,1,11.84,游 Surveillance: Moyen,RandomForest,RandomForest
0,0,16,1,1,1,2,2,0,2,0,1,1,2,0,0,1,0,0,1,1,0,0,4,3,4,1,2,2,6,13,11,11,1,1,11.05,游 Surveillance: Moyen,RandomForest,RandomForest
0,0,15,1,0,1,4,2,2,2,3,1,1,3,0,0,1,0,1,1,1,1,0,5,3,3,1,3,1,4,15,15,15,2,2,15.29,游릭 Performance: Bon,RandomForest,RandomForest
0,1,16,1,0,1,2,2,3,2,3,0,2,2,0,0,0,0,1,0,1,1,0,4,4,2,1,1,3,6,12,10,11,1,1,10.85,游 Surveillance: Moyen,RandomForest,RandomForest
0,1,16,1,1,0,4,4,4,1,3,1,1,2,0,0,1,0,0,1,1,0,0,4,1,3,3,5,5,6,9,9,10,1,1,9.79,游 Surveillance: Moyen,RandomForest,RandomForest
0,0,16,1,0,1,3,3,2,2,1,1,1,3,0,0,1,0,0,1,1,1,1,4,3,3,1,3,4,2,9,11,11,1,1,11.06,游 Surveillance: Moyen,RandomForest,RandomForest
0,0,15,1,0,1,4,3,3,2,3,1,1,1,0,0,0,0,1,1,1,1,0,4,5,5,1,3,1,6,14,13,13,1,1,13.21,游 Surveillance: Moyen,RandomForest,RandomForest
0,0,16,1,1,1,3,1,2,2,1,0,1,2,0,1,1,0,0,1,1,0,0,3,3,3,2,3,2,0,12,13,12,1,1,12.53,游 Surveillance: Moyen,RandomForest,RandomForest
0,0,16,1,0,1,4,2,4,3,1,1,2,2,0,0,1,0,1,1,1,1,0,5,3,3,1,1,1,2,13,14,14,2,2,14.05,游릭 Performance: Bon,RandomForest,RandomForest
0,1,15,1,1,1,2,2,3,1,3,1,1,4,0,0,1,0,1,1,1,1,0,4,3,4,1,1,4,2,11,12,12,1,1,12.29,游 Surveillance: Moyen,RandomForest,RandomForest
0,0,15,0,0,1,1,1,0,2,1,1,2,4,0,1,1,1,1,1,1,1,0,3,1,2,1,1,1,4,13,13,13,1,1,12.83,游 Surveillance: Moyen,RandomForest,RandomForest
0,1,16,0,0,1,4,3,3,2,3,1,2,1,0,1,1,1,1,0,1,1,0,3,3,3,1,1,4,6,9,11,11,1,1,11.14,游 Surveillance: Moyen,RandomForest,RandomForest
0,0,16,1,0,1,2,1,2,2,0,1,1,2,0,0,1,0,0,1,1,0,1,4,3,5,1,1,5,0,13,12,12,1,1,12.34,游 Surveillance: Moyen,RandomForest,RandomForest
0,0,16,1,0,1,4,4,2,2,3,1,1,1,0,0,0,0,1,0,1,1,0,5,3,4,1,2,1,4,12,13,13,1,1,13.15,游 Surveillance: Moyen,RandomForest,RandomForest
0,0,16,1,0,1,4,3,2,0,0,1,1,3,0,1,1,0,0,1,1,1,0,5,3,5,1,1,3,2,12,13,13,1,1,13.05,游 Surveillance: Moyen,RandomForest,RandomForest
0,1,16,1,0,1,4,4,3,3,2,1,1,1,0,1,1,0,1,1,1,1,0,4,5,5,5,5,4,12,9,9,8,0,0,8.21,游댮 ALERTE: Risque 칄lev칠,RandomForest,RandomForest
0,1,16,1,0,1,4,4,3,4,2,0,1,3,0,0,1,0,1,1,1,1,1,4,4,3,1,1,4,0,16,16,16,2,2,16.5,游릭 Performance: Bon,RandomForest,RandomForest
0,1,15,1,0,1,4,4,3,2,0,1,1,1,0,0,1,1,1,0,1,1,0,5,3,3,1,1,5,2,12,13,12,1,1,12.24,游 Surveillance: Moyen,RandomForest,RandomForest
0,0,15,1,0,1,3,2,3,2,1,1,2,2,0,1,1,0,0,1,1,1,0,4,3,5,1,1,2,16,11,10,10,1,1,10.16,游 Surveillance: Moyen,RandomForest,RandomForest
0,1,15,1,0,0,3,4,3,2,0,1,1,2,0,0,1,0,1,1,1,1,0,5,4,4,1,1,1,0,16,16,16,2,2,16.19,游릭 Performance: Bon,RandomForest,RandomForest
0,0,15,1,0,0,3,3,2,1,3,0,1,4,0,1,0,0,0,1,1,0,0,4,3,3,1,1,4,10,10,10,10,1,1,10.1,游 Surveillance: Moyen,RandomForest,RandomForest
0,0,15,1,0,1,2,2,2,2,0,1,1,4,0,1,1,0,0,1,1,1,0,5,1,2,1,1,3,4,10,10,10,1,1,10.17,游 Surveillance: Moyen,RandomForest,RandomForest
0,1,16,1,0,1,3,3,3,2,1,0,1,3,0,0,1,0,1,1,1,1,0,5,3,3,1,1,5,4,13,14,14,2,2,14.18,游릭 Performance: Bon,RandomForest,RandomForest
0,1,15,0,0,1,4,4,2,2,1,0,4,4,0,0,1,0,1,1,1,1,1,1,3,5,3,5,1,8,12,10,11,1,1,10.58,游 Surveillance: Moyen,RandomForest,RandomForest
0,0,16,1,1,1,4,4,1,1,2,1,1,3,0,0,1,0,1,1,1,1,1,5,4,5,1,1,4,2,15,15,14,2,2,15.63,游릭 Performance: Bon,RandomForest,RandomForest
0,1,15,1,1,0,4,4,4,4,0,1,1,1,0,0,0,0,1,1,1,1,0,5,5,3,1,1,4,4,13,14,14,2,2,14.34,游릭 Performance: Bon,RandomForest,RandomForest
0,0,16,0,0,1,3,3,3,2,3,0,1,3,0,1,1,0,1,1,1,1,0,4,1,2,1,1,2,4,11,11,11,1,1,11.03,游 Surveillance: Moyen,RandomForest,RandomForest
0,0,16,1,0,1,2,2,0,2,1,1,1,2,1,1,0,0,1,1,1,1,0,3,1,2,1,1,5,12,8,10,10,1,1,9.98,游 Surveillance: Moyen,RandomForest,RandomForest
0,1,15,1,1,1,4,2,4,2,0,1,1,1,0,0,0,0,0,1,1,1,0,3,5,2,1,1,3,10,18,17,18,2,2,17.9,游릭 Performance: Bon,RandomForest,RandomForest
0,1,15,0,0,1,2,1,1,3,3,1,1,2,0,0,0,0,1,1,1,1,1,5,4,2,1,1,5,4,10,9,10,1,1,10.03,游 Surveillance: Moyen,RandomForest,RandomForest
0,1,16,1,0,1,4,4,4,4,0,0,1,2,0,0,1,0,1,1,1,1,0,5,4,4,1,2,5,6,16,14,14,2,2,14.6,游릭 Performance: Bon,RandomForest,RandomForest
0,1,15,1,0,1,4,4,2,4,3,0,2,2,0,0,1,0,1,1,1,0,0,4,4,3,1,1,2,4,16,15,16,2,2,15.77,游릭 Performance: Bon,RandomForest,RandomForest
0,1,16,1,0,1,3,3,2,3,1,0,2,1,0,0,0,0,1,1,1,1,0,5,4,2,1,1,5,6,14,14,15,2,2,14.93,游릭 Performance: Bon,RandomForest,RandomForest
0,1,17,0,0,1,1,3,2,2,0,0,3,2,1,0,1,0,1,1,1,1,0,5,2,4,1,4,5,14,12,11,11,1,1,11.17,游 Surveillance: Moyen,RandomForest,RandomForest
0,1,15,1,0,1,3,4,2,2,3,0,1,1,0,0,0,0,0,1,1,1,0,3,4,3,1,2,4,2,14,13,14,2,2,13.6,游릭 Performance: Bon,RandomForest,RandomForest
0,0,15,1,0,1,1,2,0,3,0,1,1,2,0,0,0,0,0,0,1,1,0,3,2,3,1,2,1,0,14,14,14,2,2,14.5,游릭 Performance: Bon,RandomForest,RandomForest
0,1,15,1,0,1,2,2,3,3,1,0,1,4,0,0,1,0,1,1,1,1,0,5,5,4,1,2,5,6,14,13,13,1,1,13.16,游 Surveillance: Moyen,RandomForest,RandomForest
0,0,16,1,1,1,2,4,2,1,0,0,2,2,0,0,1,0,1,1,1,1,1,4,2,2,1,2,5,2,14,12,13,1,1,12.85,游 Surveillance: Moyen,RandomForest,RandomForest
0,1,16,1,0,1,4,4,1,2,0,1,1,1,0,0,1,0,1,1,1,1,0,3,4,4,1,4,5,4,12,13,13,1,1,12.9,游 Surveillance: Moyen,RandomForest,RandomForest
0,0,16,1,0,1,2,2,2,2,1,1,1,2,0,0,0,0,0,1,1,1,1,5,4,4,1,1,5,0,12,11,11,1,1,11.17,游 Surveillance: Moyen,RandomForest,RandomForest
0,1,15,1,0,1,3,4,3,3,1,0,1,1,0,1,0,0,0,1,1,1,0,5,5,5,3,2,5,2,9,9,9,0,0,9.07,游댮 ALERTE: Risque 칄lev칠,RandomForest,RandomForest
0,0,15,1,1,0,3,4,2,2,1,1,1,2,0,1,0,0,1,1,1,1,1,5,3,2,1,1,1,0,10,11,11,1,1,11.09,游 Surveillance: Moyen,RandomForest,RandomForest
0,0,19,1,0,1,0,1,0,2,0,2,1,2,2,0,1,0,0,0,0,0,0,3,4,2,1,1,5,0,9,10,11,1,1,10.48,游 Surveillance: Moyen,RandomForest,RandomForest
0,1,16,0,0,1,4,4,4,4,0,1,1,1,0,0,0,0,1,1,1,1,0,3,5,5,2,5,4,8,14,14,15,2,2,14.96,游릭 Performance: Bon,RandomForest,RandomForest
0,1,16,1,0,1,2,3,2,2,0,1,2,3,0,0,1,0,0,0,1,1,1,3,2,3,2,2,1,4,13,12,13,1,1,13.05,游 Surveillance: Moyen,RandomForest,RandomForest
0,0,15,0,0,1,3,4,3,4,0,0,2,3,0,0,1,0,0,1,1,1,1,4,2,2,2,2,5,0,10,11,12,1,1,11.74,游 Surveillance: Moyen,RandomForest,RandomForest
0,0,18,1,0,1,2,1,3,2,3,1,1,2,3,0,1,0,1,1,0,1,1,5,4,5,1,3,5,10,10,9,8,0,1,9.95,游 Surveillance: Moyen,RandomForest,RandomForest
0,0,17,1,1,0,2,1,2,2,0,1,3,1,0,0,1,0,0,1,1,1,0,3,2,2,1,2,5,8,11,10,11,1,1,10.27,游 Surveillance: Moyen,RandomForest,RandomForest
0,0,15,1,0,1,1,1,0,2,0,1,3,1,0,0,1,0,1,0,1,1,1,4,3,3,1,2,4,6,11,12,13,1,1,12.75,游 Surveillance: Moyen,RandomForest,RandomForest
0,0,17,1,1,1,2,2,2,2,0,0,1,1,0,0,1,0,0,1,1,1,1,3,4,4,1,3,5,2,13,12,12,1,1,12.3,游 Surveillance: Moyen,RandomForest,RandomForest
0,0,16,1,0,0,3,4,3,2,0,0,1,1,0,0,0,0,0,1,1,1,0,3,2,1,1,4,5,12,15,13,14,2,1,13.21,游 Surveillance: Moyen,RandomForest,RandomForest
0,1,16,1,0,1,2,1,0,2,0,1,4,1,0,0,0,0,0,1,1,0,0,3,2,1,1,1,2,4,9,9,11,1,1,10.56,游 Surveillance: Moyen,RandomForest,RandomForest
0,0,16,1,0,0,2,2,2,2,1,1,1,1,1,0,0,0,0,1,1,0,0,5,3,4,1,1,5,12,13,11,11,1,1,11.06,游 Surveillance: Moyen,RandomForest,RandomForest
0,1,15,0,0,1,3,4,0,4,0,1,4,2,0,0,1,0,0,1,1,0,1,5,3,3,1,1,5,2,12,11,11,1,1,11.22,游 Surveillance: Moyen,RandomForest,RandomForest
0,0,15,1,0,1,4,4,3,0,0,1,1,3,0,0,1,0,1,1,1,1,1,4,3,3,1,1,5,4,13,14,15,2,2,14.79,游릭 Performance: Bon,RandomForest,RandomForest
0,1,17,0,0,1,3,4,0,2,0,1,3,2,0,0,0,0,0,1,1,0,0,5,4,5,2,4,5,2,10,9,10,1,1,9.91,游 Surveillance: Moyen,RandomForest,RandomForest
0,0,16,0,0,1,1,1,0,2,0,1,4,2,0,0,1,0,0,1,1,0,0,5,1,3,1,1,3,0,14,13,13,1,1,13.0,游 Surveillance: Moyen,RandomForest,RandomForest
0,1,18,1,1,1,3,1,3,3,0,1,2,1,0,0,0,0,1,1,1,1,1,3,3,4,4,5,4,2,11,11,12,1,1,11.84,游 Surveillance: Moyen,RandomForest,RandomForest
0,0,18,1,0,0,3,2,2,3,0,2,1,3,0,0,1,0,1,0,1,1,1,4,3,3,5,1,5,10,12,11,11,1,1,11.25,游 Surveillance: Moyen,RandomForest,RandomForest
0,0,16,0,0,1,1,1,2,3,3,1,2,1,0,0,1,0,1,1,1,0,1,3,3,3,1,2,1,8,12,11,11,1,1,11.04,游 Surveillance: Moyen,RandomForest,RandomForest
0,0,16,1,0,0,3,3,2,2,0,2,2,1,0,0,1,0,1,0,1,1,1,4,3,2,1,1,5,4,9,9,10,1,1,9.71,游 Surveillance: Moyen,RandomForest,RandomForest
0,1,16,1,1,1,1,1,3,2,0,1,1,2,2,0,0,0,0,1,1,0,1,4,4,4,1,3,5,0,10,10,10,1,1,10.06,游 Surveillance: Moyen,RandomForest,RandomForest
0,0,15,1,0,1,4,4,4,4,0,1,2,1,0,0,0,0,1,1,1,1,0,4,3,2,1,1,5,6,13,14,14,2,2,14.12,游릭 Performance: Bon,RandomForest,RandomForest
0,0,15,0,0,1,1,1,2,2,0,1,3,1,1,0,0,0,1,1,1,1,1,5,5,5,1,1,1,2,8,9,9,0,0,9.32,游댮 ALERTE: Risque 칄lev칠,RandomForest,RandomForest
0,1,15,1,0,1,4,3,4,3,0,0,2,4,0,1,1,0,0,1,1,1,0,2,2,2,1,1,3,6,9,11,11,1,1,10.97,游 Surveillance: Moyen,RandomForest,RandomForest
0,0,15,1,0,0,3,3,3,3,1,1,1,2,0,0,0,0,0,0,1,0,1,1,3,2,2,3,1,24,9,8,9,0,0,8.85,游댮 ALERTE: Risque 칄lev칠,RandomForest,RandomForest
0,1,16,1,0,1,4,4,3,3,0,1,1,3,0,0,1,0,1,1,1,1,0,5,3,3,1,3,5,0,15,13,13,1,1,13.04,游 Surveillance: Moyen,RandomForest,RandomForest
0,1,16,1,1,1,2,2,3,3,3,0,2,1,0,0,1,0,1,1,1,1,0,2,3,3,2,2,2,4,12,11,11,1,1,10.98,游 Surveillance: Moyen,RandomForest,RandomForest
0,0,15,1,0,1,4,4,4,3,0,1,1,3,0,0,1,0,1,1,1,1,0,4,2,2,1,1,5,2,13,13,13,1,1,13.03,游 Surveillance: Moyen,RandomForest,RandomForest
0,0,16,1,1,1,1,1,0,0,0,1,1,1,0,0,0,0,0,1,1,1,0,3,4,4,3,3,1,4,10,11,11,1,1,11.02,游 Surveillance: Moyen,RandomForest,RandomForest
0,1,17,1,0,1,2,1,2,2,1,1,1,1,0,0,1,0,0,1,1,1,0,5,4,5,1,2,5,22,9,7,6,0,0,6.64,游댮 ALERTE: Risque 칄lev칠,RandomForest,RandomForest
0,0,15,1,0,1,1,1,2,3,0,0,1,2,0,0,1,0,0,1,1,1,0,4,4,2,1,2,5,0,12,12,12,1,1,12.19,游 Surveillance: Moyen,RandomForest,RandomForest
0,0,15,1,1,0,2,1,0,2,1,1,2,1,0,0,1,0,1,1,0,1,1,4,4,2,1,1,5,0,11,10,10,1,1,10.1,游 Surveillance: Moyen,RandomForest,RandomForest
0,0,15,1,0,1,3,2,1,3,1,0,1,2,1,0,1,0,0,1,1,1,0,3,3,2,1,1,3,2,11,11,11,1,1,10.59,游 Surveillance: Moyen,RandomForest,RandomForest
0,0,15,1,0,1,1,2,0,2,0,1,1,2,0,0,1,0,0,0,1,1,0,4,3,2,1,1,5,6,13,12,13,1,1,12.84,游 Surveillance: Moyen,RandomForest,RandomForest
0,0,15,1,0,1,1,2,0,3,0,0,1,2,0,0,0,0,0,0,1,0,1,2,3,4,2,4,1,6,11,11,11,1,1,11.09,游 Surveillance: Moyen,RandomForest,RandomForest
0,1,16,1,0,1,4,4,4,4,0,1,1,1,0,0,1,0,0,1,0,1,1,3,3,2,2,1,5,16,9,9,8,0,0,8.65,游댮 ALERTE: Risque 칄lev칠,RandomForest,RandomForest
0,1,15,1,1,0,2,1,3,2,0,1,4,1,0,0,0,0,0,1,1,1,0,4,5,5,2,5,5,0,12,11,11,1,1,11.11,游 Surveillance: Moyen,RandomForest,RandomForest
0,1,18,1,1,1,1,1,2,2,0,1,1,1,2,0,0,0,0,1,0,1,1,2,3,5,2,5,4,0,11,9,0,0,1,10.3,游 Surveillance: Moyen,RandomForest,RandomForest
0,1,16,1,1,1,2,1,0,2,0,1,1,1,1,0,0,0,1,1,1,0,1,4,4,4,3,5,5,6,9,10,10,1,1,10.07,游 Surveillance: Moyen,RandomForest,RandomForest
0,0,15,0,0,1,3,3,3,3,3,2,2,3,0,0,1,1,1,1,1,1,1,4,2,1,2,3,3,2,13,13,13,1,1,13.48,游 Surveillance: Moyen,RandomForest,RandomForest
0,1,19,1,0,1,3,2,3,0,1,1,1,1,0,0,1,0,0,1,0,1,1,4,5,4,1,1,4,6,11,9,11,1,1,10.7,游 Surveillance: Moyen,RandomForest,RandomForest
0,0,17,1,0,1,4,4,2,4,0,1,1,1,0,1,1,0,0,1,1,0,1,4,2,1,1,1,4,0,13,13,13,1,1,13.14,游 Surveillance: Moyen,RandomForest,RandomForest
0,1,15,0,0,1,2,3,0,3,0,1,1,2,0,1,0,1,1,1,1,0,0,4,4,4,1,1,1,0,7,8,8,0,0,7.99,游댮 ALERTE: Risque 칄lev칠,RandomForest,RandomForest
0,1,17,0,1,1,1,2,2,2,3,1,1,1,3,0,0,0,0,1,1,0,0,2,2,2,3,3,5,14,9,8,10,1,1,9.15,游 Surveillance: Moyen,RandomForest,RandomForest
0,0,18,0,0,1,1,1,0,2,0,1,3,1,3,0,1,0,1,0,1,0,0,5,2,5,1,5,4,6,11,10,11,1,1,10.79,游 Surveillance: Moyen,RandomForest,RandomForest
0,1,16,0,0,1,2,2,0,2,0,1,3,1,0,0,0,0,0,0,1,0,0,4,2,2,1,2,3,4,12,10,11,1,1,10.81,游 Surveillance: Moyen,RandomForest,RandomForest
0,1,16,1,0,1,3,3,2,3,0,0,1,2,1,0,1,0,0,1,1,1,1,4,5,5,4,4,5,0,10,10,1,0,0,5.02,游댮 ALERTE: Risque 칄lev칠,RandomForest,RandomForest
0,1,16,1,1,1,1,2,1,3,0,1,2,1,2,0,0,0,0,0,1,1,0,4,4,5,3,5,5,0,9,8,10,1,1,8.96,游 Surveillance: Moyen,RandomForest,RandomForest
0,1,17,0,1,1,2,1,0,2,0,1,2,1,1,0,0,1,1,1,0,1,1,3,3,2,2,2,5,8,8,8,9,0,0,8.16,游댮 ALERTE: Risque 칄lev칠,RandomForest,RandomForest
0,1,17,0,0,1,3,2,2,2,0,1,2,2,2,1,1,0,0,1,1,1,1,4,4,4,1,4,3,4,7,6,8,0,0,7.74,游댮 ALERTE: Risque 칄lev칠,RandomForest,RandomForest
0,1,15,1,1,1,1,2,2,2,0,1,2,1,0,0,0,0,1,1,1,0,0,4,4,4,2,4,5,2,8,9,10,1,1,9.51,游 Surveillance: Moyen,RandomForest,RandomForest
0,1,16,1,0,1,1,3,0,3,0,0,1,1,1,0,0,0,0,1,0,1,0,5,3,3,1,4,2,2,9,8,8,0,1,8.38,游 Surveillance: Moyen,RandomForest,RandomForest
0,1,17,0,1,1,1,1,2,3,0,1,4,2,0,0,0,0,1,1,0,0,1,5,3,5,1,5,5,0,8,8,8,0,0,7.21,游댮 ALERTE: Risque 칄lev칠,RandomForest,RandomForest
0,1,17,1,0,1,3,2,3,3,0,1,2,1,3,0,1,0,1,0,0,0,0,4,5,2,1,1,2,10,8,7,8,0,0,7.72,游댮 ALERTE: Risque 칄lev칠,RandomForest,RandomForest
0,1,16,1,0,1,2,2,2,2,0,0,1,2,0,0,0,0,0,1,0,1,0,4,3,5,2,4,4,0,9,10,11,1,1,10.67,游 Surveillance: Moyen,RandomForest,RandomForest
0,0,16,1,0,1,4,2,1,3,1,0,1,2,0,0,0,0,0,1,1,1,1,4,2,3,1,1,3,0,17,17,18,2,2,17.49,游릭 Performance: Bon,RandomForest,RandomForest
0,0,16,1,0,1,2,2,2,2,1,1,1,2,0,0,1,0,0,0,1,1,0,5,1,5,1,1,4,0,12,12,13,1,1,12.92,游 Surveillance: Moyen,RandomForest,RandomForest
0,0,16,1,0,1,4,4,1,1,3,1,1,2,0,0,1,0,0,1,1,1,1,4,4,2,1,1,3,0,16,16,17,2,2,16.74,游릭 Performance: Bon,RandomForest,RandomForest
0,1,16,1,0,1,3,4,2,2,0,0,3,1,1,0,1,0,1,0,1,1,0,3,4,5,2,4,2,4,9,9,10,1,1,9.69,游 Surveillance: Moyen,RandomForest,RandomForest
0,1,16,1,0,1,1,0,2,2,3,1,2,2,0,0,1,0,1,1,1,1,1,4,3,2,1,1,3,0,16,17,18,2,2,17.79,游릭 Performance: Bon,RandomForest,RandomForest
0,1,17,1,1,1,4,4,4,2,3,1,1,2,0,0,1,0,1,1,1,1,0,4,4,4,1,3,5,0,11,9,10,1,1,10.12,游 Surveillance: Moyen,RandomForest,RandomForest
0,0,16,1,0,1,1,3,0,3,1,1,1,2,0,0,0,0,1,0,1,1,1,4,3,5,1,1,3,0,14,13,13,1,1,13.0,游 Surveillance: Moyen,RandomForest,RandomForest
0,0,16,1,1,1,3,3,2,2,3,1,2,2,0,0,1,0,1,1,1,1,0,4,4,5,1,1,4,0,14,14,15,2,2,14.89,游릭 Performance: Bon,RandomForest,RandomForest
0,1,17,1,1,1,4,3,4,2,0,1,2,2,0,0,0,0,1,1,1,1,0,4,4,4,4,4,4,0,10,11,11,1,1,11.61,游 Surveillance: Moyen,RandomForest,RandomForest
0,0,16,1,0,1,2,2,3,2,3,1,2,2,0,0,0,0,1,0,1,1,0,3,4,4,1,4,5,0,13,12,14,2,2,13.42,游릭 Performance: Bon,RandomForest,RandomForest
0,1,17,1,0,1,3,3,2,2,3,0,1,2,0,0,0,0,1,0,1,1,0,4,3,4,1,4,4,4,11,9,10,1,1,10.05,游 Surveillance: Moyen,RandomForest,RandomForest
0,1,16,0,0,1,4,2,4,3,2,1,1,1,0,0,1,0,1,1,1,1,1,4,3,3,3,4,3,8,10,9,11,1,1,10.67,游 Surveillance: Moyen,RandomForest,RandomForest
0,1,17,1,0,1,4,3,2,2,0,1,1,2,0,0,1,1,1,1,1,1,1,5,2,3,1,1,2,4,11,11,13,1,1,12.29,游 Surveillance: Moyen,RandomForest,RandomForest
0,1,16,1,0,1,4,3,4,2,1,1,1,2,0,0,1,1,1,1,1,1,0,3,4,3,2,3,3,4,11,10,11,1,1,10.75,游 Surveillance: Moyen,RandomForest,RandomForest
0,1,16,1,0,1,3,3,3,2,1,1,1,2,0,0,0,0,1,1,1,1,1,4,2,3,1,2,3,0,11,12,13,1,1,12.92,游 Surveillance: Moyen,RandomForest,RandomForest
0,0,17,1,0,1,2,4,3,3,3,0,1,2,0,0,1,0,1,1,1,0,0,5,4,2,2,3,5,0,17,18,17,2,2,17.1,游릭 Performance: Bon,RandomForest,RandomForest
0,0,17,1,1,1,3,3,2,2,3,1,1,2,0,0,1,0,1,1,1,1,1,5,3,3,2,3,1,32,14,13,14,2,2,13.69,游릭 Performance: Bon,RandomForest,RandomForest
0,0,16,1,0,1,3,2,2,2,3,1,1,2,0,0,1,0,0,1,1,1,0,1,2,2,1,2,1,8,14,15,16,2,2,15.67,游릭 Performance: Bon,RandomForest,RandomForest
0,1,17,1,0,1,3,3,3,3,2,1,1,2,0,0,1,0,1,1,1,1,1,4,3,4,2,3,4,6,11,13,14,2,2,13.79,游릭 Performance: Bon,RandomForest,RandomForest
0,1,16,1,0,1,1,2,3,3,2,1,1,1,0,0,1,0,1,1,1,1,1,3,3,3,1,2,3,0,10,9,11,1,1,10.81,游 Surveillance: Moyen,RandomForest,RandomForest
0,1,16,1,1,1,2,1,2,2,0,1,1,2,0,0,0,0,1,1,1,1,1,4,2,3,1,2,5,0,13,14,16,2,2,15.39,游릭 Performance: Bon,RandomForest,RandomForest
0,0,17,1,0,0,3,3,1,2,3,1,1,2,0,0,1,0,0,0,1,1,1,3,3,3,1,3,3,10,12,13,14,2,2,13.7,游릭 Performance: Bon,RandomForest,RandomForest
0,1,17,0,0,1,1,2,0,2,1,1,1,2,0,0,0,0,0,1,1,0,0,3,1,3,1,5,3,6,9,9,10,1,1,9.97,游 Surveillance: Moyen,RandomForest,RandomForest
0,0,16,1,0,1,2,3,3,3,0,1,1,2,0,0,0,0,0,1,1,1,0,4,3,3,1,1,2,6,12,12,13,1,1,12.91,游 Surveillance: Moyen,RandomForest,RandomForest
0,0,17,1,0,1,1,1,0,3,0,1,1,2,0,0,0,0,1,1,1,1,0,5,3,3,1,1,3,0,12,11,12,1,1,11.9,游 Surveillance: Moyen,RandomForest,RandomForest
0,1,17,1,0,1,1,2,0,3,2,2,2,2,0,0,0,0,1,0,1,1,0,4,4,4,4,5,5,16,10,11,12,1,1,11.78,游 Surveillance: Moyen,RandomForest,RandomForest
0,1,16,0,0,1,3,3,3,3,3,1,1,1,0,0,1,0,1,1,1,1,0,4,3,2,3,4,5,0,11,10,10,1,1,10.29,游 Surveillance: Moyen,RandomForest,RandomForest
0,1,16,1,0,1,2,3,2,2,1,0,2,1,0,0,0,0,0,1,1,1,0,5,3,3,1,1,3,0,13,12,12,1,1,12.37,游 Surveillance: Moyen,RandomForest,RandomForest
0,0,17,1,1,1,2,4,3,3,0,0,1,2,0,0,0,0,1,1,1,1,1,4,3,2,1,1,5,8,14,15,16,2,2,15.71,游릭 Performance: Bon,RandomForest,RandomForest
0,1,17,1,0,1,4,4,3,4,1,1,1,1,0,0,0,0,0,1,1,1,0,5,2,3,1,2,5,4,13,13,14,2,1,13.04,游 Surveillance: Moyen,RandomForest,RandomForest
0,1,16,0,1,1,3,3,4,2,1,0,3,1,0,0,1,0,1,1,1,1,0,3,3,4,3,5,3,16,10,11,12,1,1,11.53,游 Surveillance: Moyen,RandomForest,RandomForest
0,0,17,1,0,1,4,4,3,4,1,1,2,1,1,0,1,0,0,1,1,1,0,4,2,4,2,3,2,30,14,15,16,2,2,15.95,游릭 Performance: Bon,RandomForest,RandomForest
0,0,16,1,1,1,4,4,4,4,3,1,1,2,0,0,1,0,0,1,1,1,0,4,5,2,1,2,3,0,11,10,11,1,1,10.61,游 Surveillance: Moyen,RandomForest,RandomForest
0,0,16,1,0,1,4,3,1,2,1,1,1,2,0,0,1,0,1,1,1,1,0,4,3,5,1,5,2,2,14,14,15,2,2,14.96,游릭 Performance: Bon,RandomForest,RandomForest
0,0,16,1,0,1,2,3,2,2,3,1,1,2,0,1,1,0,1,1,1,0,0,4,4,3,1,3,4,4,11,12,12,1,1,12.77,游 Surveillance: Moyen,RandomForest,RandomForest
0,0,17,1,0,1,1,1,2,2,0,1,1,2,0,0,1,0,0,0,1,0,0,4,4,4,1,3,1,0,14,15,15,2,2,15.02,游릭 Performance: Bon,RandomForest,RandomForest
0,0,17,0,0,1,2,2,2,2,3,1,1,1,0,0,1,0,0,1,1,1,0,5,3,2,1,2,3,21,13,13,13,1,1,13.13,游 Surveillance: Moyen,RandomForest,RandomForest
0,0,16,0,0,1,2,2,3,3,3,1,2,4,0,0,1,0,1,0,1,1,0,5,3,5,1,1,5,6,13,13,13,1,1,13.22,游 Surveillance: Moyen,RandomForest,RandomForest
0,0,17,1,0,1,3,4,0,3,1,1,1,3,1,0,1,1,0,1,1,1,1,4,4,3,3,4,5,14,8,9,8,0,0,8.29,游댮 ALERTE: Risque 칄lev칠,RandomForest,RandomForest
0,0,16,1,0,0,3,1,3,2,0,1,1,2,0,0,1,0,0,1,1,1,0,2,3,3,2,2,4,2,11,11,12,1,1,11.12,游 Surveillance: Moyen,RandomForest,RandomForest
0,0,16,1,0,1,4,3,4,2,2,1,1,2,0,0,0,0,1,1,1,1,1,1,3,2,1,1,1,4,14,15,15,2,2,15.47,游릭 Performance: Bon,RandomForest,RandomForest
0,0,16,1,0,1,1,1,0,2,1,1,2,1,0,0,1,0,0,1,1,0,0,4,3,2,1,4,5,2,12,13,13,1,1,12.93,游 Surveillance: Moyen,RandomForest,RandomForest
0,0,17,0,0,1,4,3,4,2,3,1,2,3,0,0,1,0,1,1,1,1,1,4,4,2,1,1,4,0,11,12,12,1,1,12.25,游 Surveillance: Moyen,RandomForest,RandomForest
0,0,19,1,0,1,3,3,2,2,3,2,1,4,0,0,1,0,1,1,1,1,0,4,3,3,1,2,3,4,12,12,12,1,1,12.4,游 Surveillance: Moyen,RandomForest,RandomForest
0,1,17,1,1,1,4,4,3,2,1,1,1,2,0,0,1,0,0,1,1,1,1,5,3,5,4,5,3,15,13,12,12,1,1,12.27,游 Surveillance: Moyen,RandomForest,RandomForest
0,0,16,1,0,0,2,2,2,2,3,1,1,2,0,1,1,0,0,1,1,1,0,3,3,4,1,1,4,0,13,13,13,1,1,13.11,游 Surveillance: Moyen,RandomForest,RandomForest
0,1,18,1,0,1,2,2,3,2,1,1,1,2,0,0,1,0,1,1,1,1,0,4,4,4,2,4,5,10,12,11,11,1,1,11.15,游 Surveillance: Moyen,RandomForest,RandomForest
0,0,17,0,1,1,4,4,3,2,2,1,1,1,0,0,1,0,0,1,1,0,0,5,2,1,1,2,3,6,12,11,11,1,1,11.11,游 Surveillance: Moyen,RandomForest,RandomForest
0,0,17,1,1,1,3,2,2,2,3,1,2,2,0,0,0,0,0,1,1,1,0,4,4,4,1,3,1,2,14,16,15,2,2,15.6,游릭 Performance: Bon,RandomForest,RandomForest
0,0,17,1,0,1,4,3,2,2,3,1,1,2,0,0,0,0,0,1,1,1,1,3,4,5,2,4,1,16,11,9,10,1,1,9.99,游 Surveillance: Moyen,RandomForest,RandomForest
0,1,18,1,1,1,3,3,3,1,1,0,1,2,0,0,1,0,0,1,1,1,0,3,2,4,2,4,4,10,10,10,10,1,1,10.3,游 Surveillance: Moyen,RandomForest,RandomForest
0,0,17,1,0,1,2,3,0,2,1,0,2,1,0,0,1,0,0,1,1,0,0,3,3,3,1,4,3,4,12,13,13,1,1,13.03,游 Surveillance: Moyen,RandomForest,RandomForest
0,0,17,1,0,1,2,2,0,0,0,1,1,3,0,0,1,0,1,1,1,1,0,4,3,3,1,1,4,0,12,12,13,1,1,12.99,游 Surveillance: Moyen,RandomForest,RandomForest
0,0,17,0,0,1,2,1,0,3,3,1,2,2,0,0,1,0,1,1,1,1,0,4,2,5,1,2,5,0,11,10,11,1,1,10.84,游 Surveillance: Moyen,RandomForest,RandomForest
0,0,17,1,0,1,1,1,0,2,3,1,1,3,0,0,1,0,1,1,1,0,1,4,3,4,1,1,5,12,12,12,12,1,1,12.68,游 Surveillance: Moyen,RandomForest,RandomForest
0,0,16,1,0,1,2,3,3,4,2,1,1,2,0,1,0,0,0,1,1,1,0,2,3,1,1,1,3,0,13,13,14,2,2,13.53,游릭 Performance: Bon,RandomForest,RandomForest
0,1,18,1,0,1,2,2,2,2,1,1,2,2,3,0,1,1,0,1,1,1,0,3,3,3,5,5,4,9,10,9,10,1,1,9.96,游 Surveillance: Moyen,RandomForest,RandomForest
0,0,16,1,0,1,4,4,4,3,1,1,1,3,0,0,1,0,1,0,1,1,0,5,3,2,1,1,5,4,15,16,16,2,2,16.22,游릭 Performance: Bon,RandomForest,RandomForest
0,0,18,0,0,1,3,1,2,2,3,1,1,2,0,0,0,0,1,1,1,1,1,5,3,3,1,1,4,4,8,8,8,0,0,7.99,游댮 ALERTE: Risque 칄lev칠,RandomForest,RandomForest
0,0,17,1,0,1,3,2,2,2,0,1,1,2,0,0,0,0,1,0,1,1,0,5,3,4,1,3,3,2,17,18,17,2,2,17.2,游릭 Performance: Bon,RandomForest,RandomForest
0,1,17,1,1,1,2,3,3,3,3,0,1,2,0,0,1,0,0,0,1,1,0,5,3,3,1,3,3,0,10,11,11,1,1,11.32,游 Surveillance: Moyen,RandomForest,RandomForest
0,1,18,1,1,1,2,1,0,2,0,1,4,2,0,1,1,0,1,1,1,1,1,4,3,2,4,5,3,2,9,10,11,1,1,10.61,游 Surveillance: Moyen,RandomForest,RandomForest
0,0,17,1,0,0,2,1,2,2,0,1,2,3,0,0,0,0,1,1,1,1,1,3,2,3,1,2,3,0,15,15,16,2,2,15.71,游릭 Performance: Bon,RandomForest,RandomForest
0,0,17,1,1,1,4,3,1,2,3,0,1,2,0,0,0,0,1,1,1,1,1,3,2,3,1,2,3,0,14,12,12,1,1,12.88,游 Surveillance: Moyen,RandomForest,RandomForest
0,1,17,0,0,1,2,2,2,2,0,0,2,2,0,0,1,0,1,1,1,1,0,4,5,2,1,1,1,0,12,13,13,1,1,13.06,游 Surveillance: Moyen,RandomForest,RandomForest
0,1,17,1,0,1,4,4,4,4,3,1,1,2,0,1,1,0,1,1,1,1,1,4,5,5,1,3,2,0,13,13,13,1,1,13.05,游 Surveillance: Moyen,RandomForest,RandomForest
0,1,16,1,0,1,4,4,1,2,3,0,1,2,0,0,1,0,1,1,1,1,0,4,2,4,2,4,1,0,13,13,14,2,1,13.64,游 Surveillance: Moyen,RandomForest,RandomForest
0,1,16,1,1,1,1,1,2,2,1,1,2,2,0,0,1,0,0,1,1,1,0,3,4,2,1,1,5,2,9,9,9,0,0,9.44,游댮 ALERTE: Risque 칄lev칠,RandomForest,RandomForest
0,1,16,1,0,1,3,2,0,2,3,1,2,3,0,0,0,0,1,1,1,1,1,5,3,3,1,3,2,0,12,12,12,1,1,13.19,游 Surveillance: Moyen,RandomForest,RandomForest
0,1,17,1,1,1,2,2,2,2,1,0,1,2,0,0,0,0,1,0,1,1,1,4,4,2,5,5,4,0,16,16,16,2,2,16.24,游릭 Performance: Bon,RandomForest,RandomForest
0,0,16,1,0,1,2,1,2,2,1,1,1,1,0,0,0,0,0,1,1,1,1,4,5,2,1,1,5,4,9,10,10,1,1,10.02,游 Surveillance: Moyen,RandomForest,RandomForest
0,0,16,1,0,0,4,1,2,2,1,1,1,2,0,0,0,0,1,1,1,1,1,5,3,3,1,2,5,0,14,13,13,1,1,13.04,游 Surveillance: Moyen,RandomForest,RandomForest
0,0,18,1,1,0,2,4,3,2,0,1,2,2,1,0,1,0,0,1,1,1,0,4,3,3,1,1,3,18,10,10,10,1,1,10.05,游 Surveillance: Moyen,RandomForest,RandomForest
0,0,18,1,1,1,2,2,0,3,0,1,1,2,1,0,1,0,0,0,1,1,1,5,3,1,1,1,5,16,9,8,10,1,1,9.21,游 Surveillance: Moyen,RandomForest,RandomForest
0,0,18,1,0,1,3,3,2,2,0,1,2,1,1,0,0,0,0,1,0,1,0,4,1,1,1,1,3,14,8,7,7,0,0,7.1,游댮 ALERTE: Risque 칄lev칠,RandomForest,RandomForest
0,1,18,1,0,1,2,2,2,0,0,2,1,1,1,0,1,0,1,0,0,1,1,4,4,3,2,2,1,26,7,8,8,0,0,8.11,游댮 ALERTE: Risque 칄lev칠,RandomForest,RandomForest
0,1,17,1,0,1,4,4,4,4,0,1,1,1,0,0,1,0,1,0,1,1,0,4,2,1,1,2,5,6,10,8,9,0,1,6.16,游 Surveillance: Moyen,RandomForest,RandomForest
0,0,17,1,0,1,3,2,2,2,0,0,1,2,0,0,0,0,1,1,1,0,0,5,4,2,1,1,3,4,14,14,15,2,2,14.9,游릭 Performance: Bon,RandomForest,RandomForest
0,0,17,1,1,1,1,1,0,0,0,1,1,3,0,0,1,0,1,1,1,1,1,4,3,2,1,2,4,10,11,10,10,1,1,10.14,游 Surveillance: Moyen,RandomForest,RandomForest
0,0,16,1,0,1,1,2,2,2,0,1,1,1,0,0,0,0,0,1,0,1,0,5,3,5,1,2,5,4,12,11,11,1,1,11.04,游 Surveillance: Moyen,RandomForest,RandomForest
0,0,17,0,0,1,2,1,0,3,0,1,3,2,0,0,0,0,1,1,1,0,0,2,1,1,1,1,3,2,13,13,13,1,1,13.15,游 Surveillance: Moyen,RandomForest,RandomForest
0,0,17,0,1,0,1,4,2,2,0,2,4,1,1,0,1,0,0,1,1,1,0,5,5,4,1,1,5,14,9,9,8,0,0,8.4,游댮 ALERTE: Risque 칄lev칠,RandomForest,RandomForest
0,1,18,1,0,1,2,2,2,3,3,0,1,2,0,0,0,0,0,1,0,1,0,5,5,4,3,5,2,16,8,7,8,0,0,7.28,游댮 ALERTE: Risque 칄lev칠,RandomForest,RandomForest
0,0,17,1,1,0,2,2,2,2,1,1,1,1,1,0,1,0,0,0,0,1,0,3,1,2,1,1,1,8,11,9,10,1,1,10.63,游 Surveillance: Moyen,RandomForest,RandomForest
0,0,17,0,1,1,1,1,0,2,0,1,2,3,0,0,0,0,1,1,1,1,0,4,3,3,1,3,5,4,15,14,15,2,2,15.29,游릭 Performance: Bon,RandomForest,RandomForest
0,0,17,1,1,0,4,2,4,2,0,1,1,2,0,0,1,0,1,1,1,0,0,4,3,2,1,1,4,4,15,14,14,2,2,14.5,游릭 Performance: Bon,RandomForest,RandomForest
0,1,17,1,1,1,4,3,1,2,0,1,2,2,0,0,0,0,1,1,1,1,1,2,5,5,1,4,5,8,15,15,15,2,2,15.35,游릭 Performance: Bon,RandomForest,RandomForest
0,1,17,0,1,0,4,4,4,2,0,1,2,2,0,0,1,0,0,1,1,1,0,3,3,3,2,3,4,0,12,12,12,1,1,12.7,游 Surveillance: Moyen,RandomForest,RandomForest
0,1,16,1,1,1,4,3,4,2,0,1,1,1,0,0,0,0,1,0,1,1,0,5,4,5,1,1,3,7,14,14,15,2,2,14.86,游릭 Performance: Bon,RandomForest,RandomForest
0,1,16,1,0,1,4,4,3,3,0,1,1,1,0,0,0,1,1,1,1,1,0,5,3,2,1,2,5,4,14,15,15,2,2,15.18,游릭 Performance: Bon,RandomForest,RandomForest
0,0,17,1,0,1,4,4,4,3,0,1,1,2,0,0,1,1,0,1,1,1,1,5,3,1,1,4,5,2,11,11,12,1,1,11.96,游 Surveillance: Moyen,RandomForest,RandomForest
0,1,17,0,0,1,1,1,2,2,1,0,2,3,0,0,0,0,0,0,1,1,1,4,3,3,1,1,1,2,13,14,15,2,2,14.69,游릭 Performance: Bon,RandomForest,RandomForest
0,0,17,1,0,1,3,3,3,2,1,1,2,3,0,0,1,0,0,1,1,1,1,4,2,2,2,3,5,10,11,11,11,1,1,11.28,游 Surveillance: Moyen,RandomForest,RandomForest
0,0,17,1,0,1,1,1,0,2,0,1,1,2,0,1,0,0,0,0,1,0,1,4,3,2,1,1,4,10,10,9,10,1,1,10.12,游 Surveillance: Moyen,RandomForest,RandomForest
0,0,18,1,0,1,2,1,2,2,0,2,2,3,0,0,1,0,0,0,1,1,1,4,4,4,1,1,3,10,12,10,11,1,1,10.9,游 Surveillance: Moyen,RandomForest,RandomForest
0,1,16,1,0,1,2,1,2,2,0,1,3,1,0,0,0,0,0,1,1,1,0,4,3,3,1,1,4,7,15,16,16,2,2,16.04,游릭 Performance: Bon,RandomForest,RandomForest
0,0,17,1,0,1,1,1,2,3,0,0,1,2,0,0,1,0,0,1,1,0,0,4,3,4,1,2,5,4,11,10,11,1,1,10.46,游 Surveillance: Moyen,RandomForest,RandomForest
0,1,17,1,0,1,2,3,2,2,0,0,2,1,0,0,0,0,0,1,1,1,0,5,2,2,1,1,2,2,9,12,13,1,1,12.91,游 Surveillance: Moyen,RandomForest,RandomForest
0,1,22,1,0,1,3,1,3,3,2,1,1,1,3,0,0,0,0,0,0,1,1,5,4,5,5,5,1,12,7,8,5,0,0,5.97,游댮 ALERTE: Risque 칄lev칠,RandomForest,RandomForest
0,1,18,0,1,1,3,3,2,3,0,1,1,2,0,0,1,0,0,1,1,1,1,4,3,3,1,3,5,8,10,9,10,1,1,10.05,游 Surveillance: Moyen,RandomForest,RandomForest
0,1,16,1,0,1,0,2,2,2,2,1,1,1,0,0,0,0,0,0,1,1,0,4,3,2,2,4,5,0,11,12,11,1,1,12.64,游 Surveillance: Moyen,RandomForest,RandomForest
0,1,18,1,0,1,3,2,3,2,0,1,2,1,0,0,0,0,0,1,0,1,0,4,4,5,2,4,5,8,7,8,7,0,0,7.23,游댮 ALERTE: Risque 칄lev칠,RandomForest,RandomForest
0,1,16,1,0,1,3,3,0,2,3,2,3,2,1,1,1,0,0,0,1,1,0,5,3,3,1,3,2,4,9,11,10,1,1,10.32,游 Surveillance: Moyen,RandomForest,RandomForest
0,1,18,1,0,1,2,1,3,3,2,1,1,1,2,0,0,0,0,0,0,1,0,3,2,5,2,5,5,4,7,8,6,0,0,6.66,游댮 ALERTE: Risque 칄lev칠,RandomForest,RandomForest
0,1,16,0,0,1,2,1,2,2,0,1,2,1,0,0,0,0,1,0,1,0,0,3,3,2,1,3,3,2,14,13,12,1,1,12.46,游 Surveillance: Moyen,RandomForest,RandomForest
0,1,17,0,0,1,2,1,2,2,0,1,1,1,0,0,0,0,0,0,1,1,0,4,4,2,2,4,5,0,12,12,13,1,1,12.93,游 Surveillance: Moyen,RandomForest,RandomForest
0,1,17,1,1,1,1,1,1,2,0,1,2,1,1,0,1,0,1,1,1,1,0,4,4,4,1,2,5,0,9,10,10,1,1,9.95,游 Surveillance: Moyen,RandomForest,RandomForest
0,0,18,1,1,0,2,1,2,2,0,1,1,2,0,0,1,0,0,0,1,1,1,4,3,4,1,3,5,2,12,12,13,1,1,13.02,游 Surveillance: Moyen,RandomForest,RandomForest
0,0,17,1,1,1,4,2,4,3,3,1,1,4,0,0,1,0,1,1,1,1,0,4,2,3,1,1,4,2,14,15,17,2,2,16.33,游릭 Performance: Bon,RandomForest,RandomForest
0,0,19,1,0,1,2,2,3,3,1,1,1,2,0,0,1,0,0,1,1,1,0,4,3,3,1,1,5,0,10,10,11,1,1,10.73,游 Surveillance: Moyen,RandomForest,RandomForest
0,1,18,1,1,1,2,1,3,2,0,1,3,2,1,0,0,0,1,0,0,1,0,4,4,5,4,4,5,4,11,10,11,1,1,10.28,游 Surveillance: Moyen,RandomForest,RandomForest
0,0,17,0,0,1,4,2,2,2,0,1,1,3,0,0,1,0,1,1,1,1,0,4,3,4,1,3,5,2,11,12,14,2,1,12.63,游 Surveillance: Moyen,RandomForest,RandomForest
0,0,18,1,1,1,1,1,2,0,1,1,1,3,0,0,1,0,0,0,1,0,0,4,4,3,2,3,3,4,11,12,14,2,2,13.49,游릭 Performance: Bon,RandomForest,RandomForest
0,0,18,0,0,1,2,2,2,2,1,1,1,2,0,1,0,0,0,1,1,0,0,3,2,3,1,1,5,4,11,11,13,1,1,12.5,游 Surveillance: Moyen,RandomForest,RandomForest
0,1,19,1,1,0,4,3,3,0,3,1,1,2,0,0,1,0,0,1,1,1,0,4,3,1,1,1,1,4,11,13,14,2,2,13.77,游릭 Performance: Bon,RandomForest,RandomForest
0,1,18,1,0,1,2,1,2,2,1,1,1,2,0,0,0,0,1,1,1,1,0,5,2,4,1,2,4,2,16,16,16,2,2,16.08,游릭 Performance: Bon,RandomForest,RandomForest
0,1,17,0,0,1,2,2,2,3,2,1,2,1,0,0,0,0,0,0,0,0,0,5,2,2,1,1,4,0,9,10,10,1,1,10.0,游 Surveillance: Moyen,RandomForest,RandomForest
0,0,17,1,1,1,2,2,3,3,0,0,1,4,0,0,0,0,1,1,1,1,1,3,4,1,1,1,2,2,10,11,12,1,1,11.34,游 Surveillance: Moyen,RandomForest,RandomForest
0,0,20,0,0,1,2,1,2,2,0,2,2,2,0,0,1,1,1,1,0,1,1,1,2,3,1,2,2,8,10,12,12,1,1,11.81,游 Surveillance: Moyen,RandomForest,RandomForest
0,0,18,1,0,1,4,3,3,2,1,0,1,2,0,0,1,0,0,1,1,1,1,3,1,2,1,3,2,2,15,15,15,2,2,15.72,游릭 Performance: Bon,RandomForest,RandomForest
0,1,18,1,0,1,4,3,4,2,0,1,1,2,0,0,1,0,0,0,1,1,0,4,3,2,1,1,3,2,10,10,11,1,1,10.74,游 Surveillance: Moyen,RandomForest,RandomForest
0,1,18,0,0,1,3,2,2,2,0,1,1,3,0,0,0,0,1,0,1,0,0,5,3,2,1,1,3,2,10,11,12,1,1,11.8,游 Surveillance: Moyen,RandomForest,RandomForest
0,0,17,1,0,1,3,3,2,2,1,1,1,3,0,0,0,0,1,0,1,0,0,3,2,3,1,1,4,2,15,12,13,1,1,12.99,游 Surveillance: Moyen,RandomForest,RandomForest
0,0,18,1,0,1,2,2,0,3,1,1,1,3,0,0,1,0,1,1,1,1,1,4,3,3,1,1,3,0,11,12,13,1,1,13.24,游 Surveillance: Moyen,RandomForest,RandomForest
0,1,17,1,0,1,2,2,2,2,1,0,2,1,0,0,0,0,0,1,0,1,0,4,4,4,2,3,4,8,8,8,9,0,0,8.53,游댮 ALERTE: Risque 칄lev칠,RandomForest,RandomForest
0,1,18,0,1,0,3,4,2,2,3,1,2,2,0,0,1,0,1,1,1,1,0,4,2,5,3,4,1,6,15,16,16,2,2,16.02,游릭 Performance: Bon,RandomForest,RandomForest
0,1,17,1,0,1,3,1,3,2,2,1,1,2,0,0,0,0,1,1,1,1,1,5,4,4,3,4,5,0,11,11,14,2,2,13.15,游릭 Performance: Bon,RandomForest,RandomForest
0,0,18,0,0,1,4,4,4,2,3,1,2,2,0,0,0,0,1,1,1,1,0,4,3,4,2,2,4,8,10,11,12,1,1,11.91,游 Surveillance: Moyen,RandomForest,RandomForest
0,1,18,1,0,1,4,2,1,2,3,0,1,2,0,0,1,0,1,1,1,1,1,5,4,5,1,3,5,4,10,12,14,2,2,13.7,游릭 Performance: Bon,RandomForest,RandomForest
0,0,18,0,0,1,2,1,2,2,3,1,2,2,0,0,1,0,0,1,0,1,1,4,3,5,1,2,3,12,8,9,10,1,1,9.83,游 Surveillance: Moyen,RandomForest,RandomForest
0,0,19,1,0,1,3,3,2,3,1,2,1,2,0,0,1,0,1,1,1,1,0,4,3,5,3,3,5,16,11,12,12,1,1,13.01,游 Surveillance: Moyen,RandomForest,RandomForest
0,0,18,1,0,1,2,3,2,3,3,0,1,4,0,0,1,0,1,1,1,1,1,4,5,5,1,3,2,10,16,16,16,2,2,16.17,游릭 Performance: Bon,RandomForest,RandomForest
0,0,18,1,1,1,1,1,2,2,1,1,2,2,0,0,1,0,0,0,1,0,0,4,4,3,1,1,3,2,13,13,13,1,1,13.01,游 Surveillance: Moyen,RandomForest,RandomForest
0,1,17,0,0,1,1,2,0,0,1,1,1,2,0,0,1,0,1,0,1,0,1,3,5,2,2,2,1,2,16,17,18,2,2,17.85,游릭 Performance: Bon,RandomForest,RandomForest
0,0,18,1,0,1,2,1,2,2,1,1,1,2,0,0,1,0,0,1,1,1,1,4,2,5,1,2,1,8,14,14,15,2,2,15.08,游릭 Performance: Bon,RandomForest,RandomForest
0,0,17,1,0,1,2,4,0,1,3,1,2,2,0,0,1,0,0,1,1,1,1,4,3,3,1,1,1,6,15,16,16,2,2,16.16,游릭 Performance: Bon,RandomForest,RandomForest
0,0,17,1,1,1,2,2,3,2,0,1,2,2,0,1,1,0,0,1,1,1,1,4,4,4,2,3,5,6,12,12,12,1,1,12.33,游 Surveillance: Moyen,RandomForest,RandomForest
0,0,18,0,0,0,3,2,2,3,1,1,2,2,0,0,0,0,0,0,0,1,1,4,1,1,1,1,5,15,12,9,10,1,1,10.36,游 Surveillance: Moyen,RandomForest,RandomForest
0,1,18,1,0,1,4,4,4,3,1,1,2,1,0,0,0,0,1,1,1,1,0,3,2,4,1,4,3,6,11,12,12,1,1,12.5,游 Surveillance: Moyen,RandomForest,RandomForest
0,0,18,1,0,1,4,4,1,1,3,0,1,2,1,1,1,0,1,1,1,1,1,2,4,4,1,1,4,2,14,12,13,1,1,12.92,游 Surveillance: Moyen,RandomForest,RandomForest
0,0,17,1,0,1,2,2,2,3,3,0,3,3,0,0,1,0,0,1,1,1,1,4,2,3,1,1,1,8,13,15,15,2,2,15.32,游릭 Performance: Bon,RandomForest,RandomForest
0,0,19,0,0,1,3,2,3,3,3,0,1,2,1,1,1,0,0,1,0,1,0,3,3,3,4,3,3,0,9,8,10,1,1,8.62,游 Surveillance: Moyen,RandomForest,RandomForest
0,1,18,1,1,1,4,3,4,3,0,1,2,1,0,0,0,0,1,1,1,1,0,4,2,3,1,2,1,0,10,10,10,1,1,10.2,游 Surveillance: Moyen,RandomForest,RandomForest
0,1,18,1,0,1,1,2,0,2,1,2,2,1,0,0,0,0,0,0,0,1,0,3,4,4,2,4,4,10,10,10,11,1,1,10.82,游 Surveillance: Moyen,RandomForest,RandomForest
0,1,17,1,1,0,4,1,3,2,1,1,2,1,0,0,0,0,1,1,1,1,1,4,5,4,2,4,5,22,11,11,10,1,1,10.65,游 Surveillance: Moyen,RandomForest,RandomForest
0,1,17,1,1,0,3,2,4,3,1,1,1,1,0,0,0,0,0,1,1,1,0,4,4,4,3,4,3,18,13,13,13,1,1,13.2,游 Surveillance: Moyen,RandomForest,RandomForest
0,0,18,0,1,1,1,1,0,2,3,1,2,4,0,0,1,0,1,1,1,0,0,5,2,2,1,1,3,2,17,17,18,2,2,17.65,游릭 Performance: Bon,RandomForest,RandomForest
0,0,18,1,0,1,1,1,2,2,1,1,2,2,0,1,0,0,1,1,1,1,0,5,4,4,1,1,4,0,12,13,13,1,1,13.03,游 Surveillance: Moyen,RandomForest,RandomForest
0,0,17,1,0,1,2,2,2,2,0,1,1,2,0,0,1,0,0,0,1,1,0,5,4,5,1,2,5,12,12,12,14,2,2,13.63,游릭 Performance: Bon,RandomForest,RandomForest
0,0,18,1,0,1,2,1,2,2,3,1,2,2,0,0,0,0,1,1,1,1,1,4,3,1,1,1,5,10,12,13,14,2,2,13.83,游릭 Performance: Bon,RandomForest,RandomForest
0,1,17,1,0,1,1,1,2,2,3,0,1,2,0,0,0,0,0,0,1,1,0,4,3,3,1,2,4,0,12,12,12,1,1,12.27,游 Surveillance: Moyen,RandomForest,RandomForest
0,0,18,1,0,1,2,2,0,0,2,1,1,3,0,0,1,0,0,1,1,1,0,4,3,3,1,2,2,0,18,18,18,2,2,17.79,游릭 Performance: Bon,RandomForest,RandomForest
0,0,17,1,0,1,1,1,3,4,3,1,1,3,0,0,1,0,0,1,1,1,0,4,3,3,1,1,3,0,13,13,14,2,1,13.04,游 Surveillance: Moyen,RandomForest,RandomForest
0,1,18,1,0,1,2,1,3,3,3,1,1,3,0,0,0,0,1,1,1,1,0,4,2,4,1,3,2,0,14,15,15,2,2,15.21,游릭 Performance: Bon,RandomForest,RandomForest
0,1,18,1,1,0,4,4,4,4,3,1,1,2,0,0,1,0,1,1,1,1,0,5,4,3,1,1,2,0,17,17,17,2,2,17.06,游릭 Performance: Bon,RandomForest,RandomForest
0,1,18,1,0,1,4,2,4,2,1,1,1,2,0,0,1,0,1,1,1,1,1,4,3,2,1,4,5,2,15,16,16,2,2,16.26,游릭 Performance: Bon,RandomForest,RandomForest
0,0,17,1,0,1,4,3,1,3,3,1,1,3,0,0,1,0,0,1,1,1,0,4,2,2,1,2,3,0,17,18,18,2,2,17.68,游릭 Performance: Bon,RandomForest,RandomForest
0,0,17,0,1,1,3,1,3,2,3,1,2,4,0,0,1,0,0,1,1,0,0,3,1,2,1,1,3,0,18,19,19,2,2,18.42,游릭 Performance: Bon,RandomForest,RandomForest
0,1,18,0,1,1,3,2,3,2,3,1,2,3,0,0,1,0,1,1,1,1,0,5,4,2,1,1,4,0,14,15,15,2,2,15.16,游릭 Performance: Bon,RandomForest,RandomForest
0,1,17,1,0,1,3,3,1,2,1,1,1,1,0,0,1,0,0,1,1,1,0,4,4,3,1,3,5,0,14,15,15,2,2,15.24,游릭 Performance: Bon,RandomForest,RandomForest
0,0,19,1,0,1,4,4,1,2,3,2,2,2,0,0,1,0,1,1,1,1,0,2,3,4,2,3,2,2,14,13,13,1,2,13.6,游릭 Performance: Bon,RandomForest,RandomForest
0,0,18,1,1,1,4,3,2,2,1,2,2,2,0,0,1,0,0,1,1,1,1,4,4,5,1,2,2,0,13,14,14,2,2,14.2,游릭 Performance: Bon,RandomForest,RandomForest
0,0,18,1,0,1,4,3,2,2,3,0,1,4,0,0,1,0,0,1,1,1,0,4,3,3,1,1,3,0,16,17,17,2,2,17.06,游릭 Performance: Bon,RandomForest,RandomForest
0,1,18,1,1,1,4,4,4,4,1,1,1,1,0,0,1,0,0,1,1,1,1,1,4,2,2,2,1,0,18,18,17,2,2,17.65,游릭 Performance: Bon,RandomForest,RandomForest
0,0,18,1,1,0,4,4,1,2,1,1,1,2,0,0,1,1,0,1,1,1,1,4,2,4,1,1,4,0,14,15,15,2,2,15.35,游릭 Performance: Bon,RandomForest,RandomForest
0,1,17,1,1,1,4,4,2,4,1,0,2,1,0,0,0,0,0,1,1,1,0,4,1,1,2,2,5,0,12,13,13,1,1,13.34,游 Surveillance: Moyen,RandomForest,RandomForest
0,0,17,0,0,1,4,4,3,3,3,1,2,3,0,0,1,0,1,1,1,1,0,5,3,4,1,1,5,0,7,7,8,0,0,6.02,游댮 ALERTE: Risque 칄lev칠,RandomForest,RandomForest
0,0,17,1,0,1,4,2,2,2,3,1,2,3,0,0,1,0,0,1,1,1,0,4,3,3,1,1,3,0,16,16,16,2,2,16.09,游릭 Performance: Bon,RandomForest,RandomForest
0,0,17,1,0,1,3,2,1,1,3,0,1,4,0,0,1,0,1,0,1,1,0,5,2,2,1,2,5,0,18,18,18,2,2,17.73,游릭 Performance: Bon,RandomForest,RandomForest
0,1,19,0,1,1,2,1,0,3,0,1,2,3,1,0,0,0,1,1,1,1,1,4,3,1,1,1,5,0,9,10,11,1,1,10.08,游 Surveillance: Moyen,RandomForest,RandomForest
0,1,20,1,0,0,3,2,3,2,0,2,1,1,2,0,0,0,1,1,1,0,0,5,5,3,1,1,5,0,14,15,15,2,2,15.13,游릭 Performance: Bon,RandomForest,RandomForest
0,1,19,0,0,1,3,3,2,3,3,0,1,2,0,0,0,0,1,1,1,0,1,4,5,3,1,2,5,0,10,10,11,1,1,9.88,游 Surveillance: Moyen,RandomForest,RandomForest
0,0,18,1,0,1,1,4,2,4,1,1,1,2,0,1,1,0,0,0,1,0,1,3,4,4,1,2,5,2,10,10,11,1,1,10.72,游 Surveillance: Moyen,RandomForest,RandomForest
0,0,18,1,0,1,2,1,3,2,0,1,2,2,0,0,1,0,1,1,1,1,0,5,3,3,1,2,1,2,12,12,15,2,2,14.07,游릭 Performance: Bon,RandomForest,RandomForest
0,0,17,1,0,1,2,3,2,2,0,0,2,2,0,0,0,0,1,1,1,1,1,4,2,1,1,1,3,2,11,12,14,2,2,13.53,游릭 Performance: Bon,RandomForest,RandomForest
0,0,17,0,0,1,4,4,4,4,0,1,1,1,0,0,0,0,1,1,1,1,0,4,4,4,1,1,5,2,15,16,17,2,2,16.73,游릭 Performance: Bon,RandomForest,RandomForest
0,0,18,1,0,1,4,3,2,2,0,1,1,3,0,0,1,0,1,1,1,1,1,4,3,4,1,1,5,2,14,15,17,2,2,16.35,游릭 Performance: Bon,RandomForest,RandomForest
0,0,18,1,1,1,4,3,1,3,0,1,2,1,0,0,1,0,0,1,1,1,0,3,2,4,1,4,1,8,12,12,15,2,2,14.02,游릭 Performance: Bon,RandomForest,RandomForest
0,0,17,0,0,1,3,4,0,3,0,0,1,3,0,0,1,0,1,0,1,1,0,4,3,4,2,5,5,2,15,15,17,2,2,16.55,游릭 Performance: Bon,RandomForest,RandomForest
0,0,18,1,0,1,3,3,0,2,0,0,1,2,0,0,1,0,0,1,1,1,0,4,1,4,1,1,3,8,11,12,14,2,2,13.77,游릭 Performance: Bon,RandomForest,RandomForest
0,1,19,1,0,1,4,2,1,2,0,1,2,2,0,0,1,0,1,1,1,1,1,5,4,4,1,1,1,9,11,10,10,1,1,10.4,游 Surveillance: Moyen,RandomForest,RandomForest
0,0,18,1,0,1,4,4,4,2,0,1,1,2,0,0,1,0,0,1,1,1,0,4,4,4,3,3,5,0,12,11,13,1,1,11.64,游 Surveillance: Moyen,RandomForest,RandomForest
0,0,18,1,0,1,3,4,2,2,0,1,1,1,0,0,1,0,1,1,1,1,1,5,4,4,1,1,1,4,11,12,14,2,2,13.75,游릭 Performance: Bon,RandomForest,RandomForest
0,0,17,1,0,1,4,4,1,1,0,1,1,1,0,0,0,0,1,1,1,1,0,5,3,4,1,2,5,2,14,15,17,2,2,15.36,游릭 Performance: Bon,RandomForest,RandomForest
0,0,17,1,0,0,4,3,3,3,0,1,1,2,0,0,1,0,0,1,1,1,1,5,2,2,1,2,5,14,15,14,17,2,2,16.26,游릭 Performance: Bon,RandomForest,RandomForest
0,0,17,1,1,0,3,3,3,2,1,1,1,2,0,1,1,0,0,1,1,1,0,5,3,3,1,1,5,0,12,12,13,1,1,12.92,游 Surveillance: Moyen,RandomForest,RandomForest
0,0,17,1,1,1,2,1,2,2,1,0,1,2,0,0,0,0,1,1,1,1,0,4,2,3,2,2,2,2,11,12,14,2,1,13.08,游 Surveillance: Moyen,RandomForest,RandomForest
0,1,18,1,1,1,4,4,2,2,3,0,1,1,0,0,1,0,0,1,1,1,0,4,2,5,3,4,5,2,8,9,11,1,1,10.31,游 Surveillance: Moyen,RandomForest,RandomForest
0,0,19,1,0,1,1,1,2,2,0,2,3,3,0,0,0,0,1,1,0,0,1,1,5,5,4,3,5,12,10,10,11,1,1,10.46,游 Surveillance: Moyen,RandomForest,RandomForest
0,0,19,1,1,0,1,1,2,2,0,2,3,2,2,0,1,0,0,0,1,1,1,5,3,4,1,1,4,2,8,8,9,0,0,8.75,游댮 ALERTE: Risque 칄lev칠,RandomForest,RandomForest
0,0,18,1,0,1,2,2,2,2,0,1,1,1,0,0,1,0,1,1,1,1,1,4,3,5,2,4,5,2,10,10,10,1,1,10.16,游 Surveillance: Moyen,RandomForest,RandomForest
0,0,17,1,0,1,2,2,2,2,0,1,1,2,0,0,1,0,0,1,1,0,1,4,2,2,1,1,3,4,14,13,13,1,1,13.05,游 Surveillance: Moyen,RandomForest,RandomForest
0,0,17,0,1,1,2,2,3,3,0,1,1,3,0,0,1,0,1,1,1,1,0,3,3,2,2,2,3,0,11,11,10,1,1,10.41,游 Surveillance: Moyen,RandomForest,RandomForest
0,0,17,1,0,1,3,1,3,3,0,0,1,3,0,0,1,0,0,0,1,1,0,3,4,3,2,3,5,0,17,18,17,2,2,17.62,游릭 Performance: Bon,RandomForest,RandomForest
0,0,17,1,1,1,0,2,0,0,1,0,2,3,0,0,0,0,0,1,1,1,0,3,3,3,2,3,2,0,14,14,15,2,2,14.83,游릭 Performance: Bon,RandomForest,RandomForest
0,0,18,1,0,1,1,1,2,2,1,1,2,3,0,0,0,0,1,1,1,1,0,4,5,5,1,2,2,0,14,14,14,2,2,14.29,游릭 Performance: Bon,RandomForest,RandomForest
0,1,18,1,0,1,4,4,2,2,0,1,1,3,0,0,0,0,1,1,1,1,0,4,3,3,2,2,3,0,13,14,13,1,1,13.62,游 Surveillance: Moyen,RandomForest,RandomForest
0,1,17,1,0,1,3,3,2,3,3,1,1,1,0,0,0,0,1,0,1,1,0,4,3,5,3,5,5,0,17,18,17,2,2,17.04,游릭 Performance: Bon,RandomForest,RandomForest
0,1,17,0,0,1,2,2,3,2,0,1,4,1,0,0,1,0,0,1,1,1,0,4,4,5,5,5,4,2,11,10,10,1,1,10.55,游 Surveillance: Moyen,RandomForest,RandomForest
0,0,17,1,0,1,4,4,4,3,0,1,1,3,0,0,1,0,1,1,1,1,0,5,4,4,1,3,4,0,13,12,13,1,1,12.87,游 Surveillance: Moyen,RandomForest,RandomForest
0,0,17,1,0,1,4,4,4,4,0,1,2,3,0,0,1,0,0,0,1,1,1,4,3,3,1,2,4,4,15,14,15,2,2,15.3,游릭 Performance: Bon,RandomForest,RandomForest
0,0,17,1,0,1,3,3,0,2,0,1,1,1,0,0,1,1,1,1,1,1,0,4,2,5,2,5,5,2,11,12,11,1,1,11.64,游 Surveillance: Moyen,RandomForest,RandomForest
0,1,18,1,1,1,2,2,2,2,0,1,1,4,0,0,1,1,1,1,1,1,0,4,5,5,2,4,5,0,11,11,12,1,1,11.6,游 Surveillance: Moyen,RandomForest,RandomForest
0,1,19,0,0,1,3,2,0,3,1,2,1,1,0,0,1,0,0,0,1,0,1,5,3,4,2,2,5,0,11,10,10,1,1,10.25,游 Surveillance: Moyen,RandomForest,RandomForest
0,0,18,1,0,1,2,2,0,2,0,1,4,2,0,0,0,0,1,1,1,0,1,4,2,5,1,1,2,2,10,9,10,1,1,10.31,游 Surveillance: Moyen,RandomForest,RandomForest
0,0,17,0,0,1,2,4,0,2,0,0,1,3,0,0,1,0,0,1,1,1,1,4,4,3,1,1,5,0,15,15,15,2,2,15.33,游릭 Performance: Bon,RandomForest,RandomForest
0,1,18,1,0,1,2,2,2,2,3,1,1,1,0,0,0,0,0,0,1,1,0,5,4,2,1,2,5,6,15,14,15,2,2,15.12,游릭 Performance: Bon,RandomForest,RandomForest
0,0,18,1,0,1,3,3,3,3,1,1,1,2,0,0,0,0,1,1,1,1,0,5,3,4,1,1,4,8,10,11,12,1,1,11.89,游 Surveillance: Moyen,RandomForest,RandomForest
0,0,18,1,1,1,2,2,2,2,1,2,1,2,0,0,0,0,1,0,1,1,1,4,3,3,1,1,2,0,10,9,12,1,1,11.34,游 Surveillance: Moyen,RandomForest,RandomForest
0,0,18,0,0,1,2,2,0,2,0,1,2,4,0,0,0,0,1,1,1,0,0,4,4,4,1,1,4,6,14,13,14,2,2,13.77,游릭 Performance: Bon,RandomForest,RandomForest
0,0,17,1,0,1,3,4,3,2,0,1,1,3,0,0,0,0,0,1,1,1,0,4,4,5,1,3,5,8,11,13,14,2,2,13.81,游릭 Performance: Bon,RandomForest,RandomForest
0,0,17,1,0,1,3,2,2,2,1,1,1,2,0,0,1,0,0,1,1,1,1,4,3,2,2,3,2,0,12,13,15,2,2,14.48,游릭 Performance: Bon,RandomForest,RandomForest
0,0,18,1,1,1,3,3,3,3,1,1,1,4,0,0,1,0,0,1,1,1,0,5,3,3,1,1,1,4,14,14,15,2,2,15.09,游릭 Performance: Bon,RandomForest,RandomForest
0,0,17,0,0,0,3,2,2,2,1,1,1,2,0,0,1,0,0,1,1,1,0,4,3,3,2,3,2,0,14,14,16,2,2,15.49,游릭 Performance: Bon,RandomForest,RandomForest
0,1,18,1,0,1,4,4,4,3,1,0,1,2,0,0,1,0,1,1,1,1,0,4,3,3,2,2,2,0,12,12,13,1,1,13.17,游 Surveillance: Moyen,RandomForest,RandomForest
0,1,18,1,1,1,3,4,3,2,1,1,1,2,0,0,0,0,1,1,1,1,1,4,3,3,1,3,5,6,16,16,17,2,2,16.75,游릭 Performance: Bon,RandomForest,RandomForest
0,0,17,1,0,0,2,2,0,0,1,0,1,2,0,0,1,0,0,1,1,1,1,3,3,1,1,2,4,18,10,12,14,2,2,13.6,游릭 Performance: Bon,RandomForest,RandomForest
0,0,18,1,0,1,2,3,0,2,0,1,1,3,0,0,1,0,0,1,1,1,0,4,3,3,1,2,3,0,11,12,14,2,2,13.7,游릭 Performance: Bon,RandomForest,RandomForest
0,0,18,1,0,1,3,2,2,3,2,1,1,3,0,0,0,0,0,1,1,1,1,5,4,3,2,3,1,4,14,16,17,2,2,16.54,游릭 Performance: Bon,RandomForest,RandomForest
0,1,18,0,0,1,4,3,4,3,0,1,1,3,0,0,0,0,0,1,1,1,1,5,3,2,1,2,4,4,15,14,17,2,2,16.26,游릭 Performance: Bon,RandomForest,RandomForest
0,1,18,1,0,1,4,3,4,2,0,1,1,3,0,0,1,0,0,1,1,1,1,5,4,5,2,3,5,0,14,13,14,2,2,13.84,游릭 Performance: Bon,RandomForest,RandomForest
0,0,17,1,0,1,4,3,1,2,3,1,1,3,0,0,1,0,1,1,1,1,1,4,4,3,1,3,4,0,11,12,13,1,1,12.89,游 Surveillance: Moyen,RandomForest,RandomForest
0,0,17,1,0,1,2,1,3,2,0,1,2,2,0,0,1,0,1,1,1,1,1,4,3,4,2,2,1,10,12,15,15,2,2,15.12,游릭 Performance: Bon,RandomForest,RandomForest
0,0,17,1,0,1,2,1,3,2,3,1,1,2,0,0,1,0,1,1,1,1,0,4,3,5,2,4,4,4,12,16,16,2,2,16.14,游릭 Performance: Bon,RandomForest,RandomForest
0,0,19,1,1,0,2,3,0,2,1,2,2,1,1,0,0,0,0,1,0,1,0,2,2,3,3,4,5,16,10,11,11,1,1,10.66,游 Surveillance: Moyen,RandomForest,RandomForest
0,0,17,1,0,1,3,1,2,0,1,1,1,1,1,0,1,1,0,1,1,1,1,4,1,2,1,1,3,6,10,13,13,1,1,13.0,游 Surveillance: Moyen,RandomForest,RandomForest
0,0,21,1,1,1,4,4,2,2,3,2,1,3,2,0,0,1,1,1,1,1,0,3,3,2,1,1,5,0,9,12,12,1,1,12.24,游 Surveillance: Moyen,RandomForest,RandomForest
0,1,18,1,1,1,2,2,3,3,3,1,1,2,0,0,1,0,1,0,0,1,0,4,4,4,1,3,3,11,9,11,12,1,1,11.61,游 Surveillance: Moyen,RandomForest,RandomForest
0,1,18,1,1,0,3,4,2,2,3,2,1,2,0,0,0,0,1,1,1,1,1,4,3,5,1,4,2,9,13,14,15,2,2,14.66,游릭 Performance: Bon,RandomForest,RandomForest
0,0,17,1,0,1,2,2,3,3,3,1,1,2,0,0,1,0,1,1,1,1,0,4,3,4,1,3,4,0,13,17,17,2,2,16.86,游릭 Performance: Bon,RandomForest,RandomForest
0,1,17,1,1,0,4,4,1,2,3,1,1,3,0,0,1,0,0,1,1,1,0,4,4,2,1,2,4,2,12,15,15,2,2,15.02,游릭 Performance: Bon,RandomForest,RandomForest
0,0,18,1,1,1,4,2,4,2,0,1,1,2,0,0,1,0,1,1,1,1,0,4,2,2,1,1,3,0,14,17,17,2,2,16.98,游릭 Performance: Bon,RandomForest,RandomForest
0,1,21,0,1,1,1,1,0,2,0,2,2,2,2,0,1,0,1,1,0,1,1,5,3,3,5,2,4,21,9,10,10,1,1,10.12,游 Surveillance: Moyen,RandomForest,RandomForest
0,0,20,0,0,1,1,1,2,2,3,2,2,3,0,0,0,0,0,1,1,1,1,3,2,2,1,3,3,8,11,15,15,2,2,15.09,游릭 Performance: Bon,RandomForest,RandomForest
0,0,19,1,0,1,4,4,4,2,1,2,1,1,1,0,1,0,0,1,1,1,1,3,2,5,4,4,5,5,9,10,11,1,1,9.61,游 Surveillance: Moyen,RandomForest,RandomForest
0,1,17,1,1,0,3,2,2,2,3,1,1,2,0,0,1,0,0,1,1,1,0,4,4,4,1,2,5,10,16,18,18,2,2,17.75,游릭 Performance: Bon,RandomForest,RandomForest
0,0,18,1,0,1,3,2,0,2,3,0,1,3,0,0,1,0,0,1,1,1,1,4,3,4,1,2,2,5,14,17,17,2,2,16.89,游릭 Performance: Bon,RandomForest,RandomForest
0,1,18,0,0,1,2,3,2,3,3,0,1,1,0,0,0,0,0,1,1,1,0,3,1,3,4,5,4,13,13,14,14,2,2,14.22,游릭 Performance: Bon,RandomForest,RandomForest
0,1,19,1,0,1,2,1,2,2,3,1,1,1,0,0,0,0,0,1,1,1,0,5,3,4,1,4,4,10,7,11,11,1,1,10.93,游 Surveillance: Moyen,RandomForest,RandomForest
0,0,18,1,1,0,2,2,3,2,3,1,2,2,0,0,1,0,0,1,1,1,0,4,1,4,1,3,4,10,14,17,17,2,2,16.77,游릭 Performance: Bon,RandomForest,RandomForest
0,0,20,1,0,1,1,0,2,2,3,1,2,1,1,1,0,0,0,1,1,1,1,5,3,1,1,1,5,5,8,10,10,1,1,10.0,游 Surveillance: Moyen,RandomForest,RandomForest
0,0,18,1,0,1,3,2,3,2,1,1,1,2,0,0,1,0,1,0,1,1,1,3,1,2,1,2,1,4,10,13,13,1,1,13.25,游 Surveillance: Moyen,RandomForest,RandomForest
1,0,16,1,0,1,1,3,0,2,2,0,2,1,0,0,1,0,0,1,0,1,1,4,3,3,1,3,5,11,10,11,11,1,1,11.06,游 Surveillance: Moyen,RandomForest,RandomForest
1,0,16,0,0,1,2,2,2,2,0,1,2,2,0,0,1,0,1,1,1,1,0,4,4,4,1,1,5,0,12,12,12,1,1,12.24,游 Surveillance: Moyen,RandomForest,RandomForest
1,0,15,0,0,1,1,1,0,3,2,1,1,1,1,0,1,0,0,1,1,0,1,4,1,3,1,1,2,6,10,10,10,1,1,10.08,游 Surveillance: Moyen,RandomForest,RandomForest
1,0,15,0,0,1,3,3,0,2,0,1,2,1,0,0,1,0,0,1,1,1,0,5,4,4,2,3,5,4,10,10,11,1,1,10.61,游 Surveillance: Moyen,RandomForest,RandomForest
1,0,16,0,0,1,2,3,0,3,0,1,2,2,0,0,0,0,0,1,1,0,0,4,5,2,1,2,5,0,16,17,17,2,2,17.1,游릭 Performance: Bon,RandomForest,RandomForest
1,0,15,0,1,1,2,1,0,2,1,1,2,1,0,0,0,0,0,1,0,0,0,1,3,4,1,1,1,0,6,8,9,0,0,8.35,游댮 ALERTE: Risque 칄lev칠,RandomForest,RandomForest
1,1,16,0,1,0,4,4,0,2,1,1,1,2,0,0,1,0,0,1,1,0,0,5,3,2,1,3,2,5,10,11,11,1,1,11.05,游 Surveillance: Moyen,RandomForest,RandomForest
1,1,16,1,0,0,1,2,2,2,2,1,1,3,0,1,0,0,0,1,1,1,0,4,4,3,1,1,5,0,10,11,11,1,1,11.31,游 Surveillance: Moyen,RandomForest,RandomForest
1,0,17,0,0,1,3,2,0,2,0,0,1,2,1,0,0,0,0,1,1,0,1,4,5,4,1,2,5,0,10,10,10,1,1,9.17,游 Surveillance: Moyen,RandomForest,RandomForest
1,0,17,0,0,1,1,1,2,2,2,0,1,1,1,0,1,0,0,0,0,1,0,5,4,4,2,2,5,0,6,6,7,0,0,5.52,游댮 ALERTE: Risque 칄lev칠,RandomForest,RandomForest
1,0,15,0,0,1,4,4,4,2,0,1,2,1,0,0,0,0,0,1,1,1,1,1,5,1,3,5,5,0,13,14,14,2,2,14.16,游릭 Performance: Bon,RandomForest,RandomForest
1,0,16,1,1,0,2,2,0,2,3,1,2,4,0,0,0,0,1,0,0,0,1,1,2,1,1,1,1,4,10,9,11,1,1,10.69,游 Surveillance: Moyen,RandomForest,RandomForest
1,0,15,0,1,1,1,1,0,3,3,0,2,2,0,0,1,0,0,1,1,1,0,5,4,3,1,2,4,0,10,10,10,1,1,10.02,游 Surveillance: Moyen,RandomForest,RandomForest
1,0,15,0,1,1,1,1,2,3,0,1,2,1,1,0,1,0,0,1,1,1,1,4,4,3,1,2,2,4,6,7,8,0,0,8.02,游댮 ALERTE: Risque 칄lev칠,RandomForest,RandomForest
1,0,16,0,0,1,0,2,2,2,2,1,2,1,0,0,1,0,1,1,1,0,0,3,2,3,1,2,2,0,12,11,12,1,1,11.05,游 Surveillance: Moyen,RandomForest,RandomForest
1,0,17,0,0,1,2,3,2,2,0,1,2,1,0,0,1,0,0,1,1,1,0,5,5,5,1,3,3,2,10,11,12,1,1,11.54,游 Surveillance: Moyen,RandomForest,RandomForest
1,0,15,0,0,1,3,3,2,3,0,0,2,1,0,0,0,0,0,0,1,1,0,4,1,3,1,1,4,0,14,16,16,2,2,15.92,游릭 Performance: Bon,RandomForest,RandomForest
1,1,16,1,0,1,1,1,0,3,1,1,2,2,0,0,1,0,1,1,1,0,1,5,4,5,4,5,3,0,7,0,0,0,0,0.76,游댮 ALERTE: Risque 칄lev칠,RandomForest,RandomForest
1,1,17,1,0,1,1,1,2,2,1,1,1,2,0,0,0,1,0,0,1,1,0,4,4,3,2,4,5,4,8,9,9,0,0,9.18,游댮 ALERTE: Risque 칄lev칠,RandomForest,RandomForest
1,1,15,0,1,1,4,1,1,3,3,0,1,2,0,0,1,0,1,1,1,1,0,5,3,4,1,2,2,0,12,13,14,2,2,13.45,游릭 Performance: Bon,RandomForest,RandomForest
1,1,15,0,1,1,4,1,1,3,3,0,1,2,0,0,1,0,1,1,1,1,0,5,3,4,1,2,2,7,7,9,8,0,0,8.49,游댮 ALERTE: Risque 칄lev칠,RandomForest,RandomForest
1,1,16,0,0,1,3,4,2,1,2,1,3,2,0,0,0,0,0,0,1,0,0,3,4,5,1,2,5,4,9,10,11,1,1,10.04,游 Surveillance: Moyen,RandomForest,RandomForest
1,1,15,0,0,1,1,1,2,2,0,1,4,2,0,0,1,0,1,1,1,0,1,5,4,5,2,4,4,8,7,9,9,0,0,9.25,游댮 ALERTE: Risque 칄lev칠,RandomForest,RandomForest
1,1,15,1,1,1,3,3,0,0,3,0,1,2,0,0,1,0,1,1,1,1,0,5,3,3,1,1,5,0,11,11,11,1,1,11.13,游 Surveillance: Moyen,RandomForest,RandomForest
1,1,17,0,0,1,2,1,2,2,2,1,3,1,0,0,0,0,1,1,0,0,1,5,5,5,5,5,3,8,8,10,9,0,1,9.86,游 Surveillance: Moyen,RandomForest,RandomForest
1,0,16,0,0,1,4,4,4,4,0,1,2,3,0,0,0,0,1,1,1,1,1,4,2,2,1,1,4,6,16,16,17,2,2,16.42,游릭 Performance: Bon,RandomForest,RandomForest
1,0,15,0,0,1,1,2,2,3,0,1,2,1,0,0,0,0,0,1,1,0,0,5,1,2,1,1,1,3,11,13,13,1,1,12.91,游 Surveillance: Moyen,RandomForest,RandomForest
1,0,16,0,0,1,2,3,2,3,0,1,3,2,0,0,1,0,0,1,1,1,0,4,5,4,1,2,1,2,15,15,15,2,2,15.25,游릭 Performance: Bon,RandomForest,RandomForest
1,1,16,0,0,1,1,2,2,2,0,0,2,2,0,0,0,0,0,1,1,0,0,4,3,3,1,1,5,0,10,11,11,1,1,11.16,游 Surveillance: Moyen,RandomForest,RandomForest
1,0,16,0,0,1,2,2,2,2,0,1,3,2,0,0,1,0,0,1,1,1,0,4,4,5,1,1,4,4,9,10,11,1,1,10.77,游 Surveillance: Moyen,RandomForest,RandomForest
1,0,16,1,0,1,1,2,2,3,0,1,1,3,1,0,1,0,0,1,1,0,0,1,3,2,1,2,4,0,10,8,8,0,0,7.68,游댮 ALERTE: Risque 칄lev칠,RandomForest,RandomForest
1,0,16,1,0,1,1,2,2,3,0,1,1,3,1,0,1,0,0,1,1,0,0,1,3,2,1,2,4,3,9,8,8,0,0,8.24,游댮 ALERTE: Risque 칄lev칠,RandomForest,RandomForest
1,0,15,1,0,1,2,1,0,2,1,1,1,2,0,1,1,0,0,0,1,1,0,4,4,2,3,3,2,0,9,10,9,0,0,9.5,游댮 ALERTE: Risque 칄lev칠,RandomForest,RandomForest
1,0,16,1,0,1,1,1,0,2,0,0,1,2,0,0,1,0,0,0,1,0,1,5,4,3,2,1,2,0,13,14,15,2,2,14.78,游릭 Performance: Bon,RandomForest,RandomForest
1,1,17,0,1,1,1,2,0,3,3,1,1,1,0,0,1,0,1,1,1,1,0,5,5,5,5,5,3,4,10,11,11,1,1,11.18,游 Surveillance: Moyen,RandomForest,RandomForest
1,0,16,0,0,1,1,1,2,2,1,0,4,4,0,0,1,0,0,0,1,1,0,4,3,2,1,1,1,0,13,10,13,1,1,12.44,游 Surveillance: Moyen,RandomForest,RandomForest
1,0,16,0,0,1,1,1,0,2,2,0,4,3,0,1,1,0,0,1,1,0,0,4,4,3,1,1,5,2,10,9,10,1,1,10.17,游 Surveillance: Moyen,RandomForest,RandomForest
1,0,15,0,0,1,1,1,0,2,1,0,2,2,0,0,1,0,1,1,1,1,0,4,3,3,1,1,2,1,11,10,11,1,1,10.65,游 Surveillance: Moyen,RandomForest,RandomForest
1,0,16,0,0,1,1,1,0,2,2,1,2,1,0,0,0,0,1,1,1,1,1,4,2,2,4,3,2,0,13,12,14,2,2,13.65,游릭 Performance: Bon,RandomForest,RandomForest
1,0,15,0,0,1,1,1,0,0,0,0,3,2,0,0,1,0,0,1,1,0,0,4,2,1,1,2,2,0,13,14,14,2,2,14.23,游릭 Performance: Bon,RandomForest,RandomForest
1,0,15,0,1,1,2,2,2,2,2,0,1,3,0,1,1,0,0,1,1,0,0,4,4,3,2,2,5,2,14,11,12,1,1,11.13,游 Surveillance: Moyen,RandomForest,RandomForest
1,1,16,0,0,1,1,1,0,2,2,0,2,1,0,0,0,0,1,1,1,0,0,3,4,4,3,4,5,6,11,11,11,1,1,11.11,游 Surveillance: Moyen,RandomForest,RandomForest
1,0,18,1,0,1,1,2,2,2,0,0,1,2,1,0,1,0,1,1,1,1,1,3,4,4,2,3,5,9,9,8,8,0,0,8.23,游댮 ALERTE: Risque 칄lev칠,RandomForest,RandomForest
1,1,15,1,0,1,3,1,2,3,1,1,2,1,0,0,1,0,0,1,1,0,0,3,2,3,1,3,4,0,10,9,11,1,1,10.82,游 Surveillance: Moyen,RandomForest,RandomForest
1,0,16,0,0,1,2,2,2,3,0,0,3,2,0,0,1,0,1,1,1,1,0,5,3,4,1,1,2,1,14,13,14,2,2,13.71,游릭 Performance: Bon,RandomForest,RandomForest
1,1,15,1,0,1,2,2,1,2,3,1,3,1,0,0,0,0,0,1,1,0,0,4,3,3,1,2,4,1,13,12,13,1,1,12.97,游 Surveillance: Moyen,RandomForest,RandomForest
1,1,16,1,0,1,4,4,2,4,0,0,1,2,0,0,1,0,1,1,1,0,1,4,3,1,1,1,3,0,13,12,13,1,1,12.99,游 Surveillance: Moyen,RandomForest,RandomForest
1,0,15,0,0,1,3,3,3,2,3,1,1,2,0,0,1,0,0,1,1,1,1,4,5,4,1,1,1,4,13,12,12,1,1,12.48,游 Surveillance: Moyen,RandomForest,RandomForest
1,0,16,0,0,1,2,2,0,2,0,1,2,2,1,0,1,0,1,0,1,0,0,4,4,4,2,3,5,2,12,11,12,1,1,11.35,游 Surveillance: Moyen,RandomForest,RandomForest
1,0,16,0,1,1,2,2,2,2,1,0,3,1,0,0,1,0,1,1,1,0,1,4,3,2,1,1,4,0,14,14,16,2,2,15.56,游릭 Performance: Bon,RandomForest,RandomForest
1,1,16,1,1,1,2,1,0,3,0,1,2,1,0,0,1,0,1,1,1,1,0,2,4,3,2,3,4,4,10,8,10,1,1,9.54,游 Surveillance: Moyen,RandomForest,RandomForest
1,1,15,0,1,1,1,3,0,2,3,0,3,1,0,0,1,0,1,1,1,1,0,4,2,4,3,5,3,2,10,11,11,1,1,11.11,游 Surveillance: Moyen,RandomForest,RandomForest
1,0,15,1,0,1,2,2,2,3,0,1,2,3,0,0,1,0,1,1,1,0,0,5,3,2,1,1,4,0,12,13,14,2,2,13.6,游릭 Performance: Bon,RandomForest,RandomForest
1,0,16,0,1,1,2,1,2,2,1,1,1,1,0,0,1,0,0,1,1,1,1,5,4,3,1,1,5,2,10,8,8,0,0,8.32,游댮 ALERTE: Risque 칄lev칠,RandomForest,RandomForest
1,1,15,1,0,1,3,3,3,3,0,0,2,1,0,0,1,0,1,0,1,1,0,4,3,3,2,4,3,11,12,10,11,1,1,10.84,游 Surveillance: Moyen,RandomForest,RandomForest
1,0,16,0,0,1,1,1,0,2,0,0,2,2,3,1,1,0,0,1,1,0,0,3,4,3,1,1,1,0,7,7,8,0,0,5.14,游댮 ALERTE: Risque 칄lev칠,RandomForest,RandomForest
1,0,17,1,0,1,2,2,2,0,0,1,1,1,0,0,1,0,1,1,0,0,0,4,5,3,1,1,5,4,9,9,10,1,1,9.76,游 Surveillance: Moyen,RandomForest,RandomForest
1,0,19,1,0,1,2,3,0,3,0,2,1,1,1,0,0,0,0,1,0,1,1,4,4,4,1,1,2,0,9,9,10,1,1,9.97,游 Surveillance: Moyen,RandomForest,RandomForest
1,0,17,0,0,1,2,1,0,2,0,1,3,1,0,0,1,0,1,1,0,0,1,5,5,3,1,1,3,2,9,10,11,1,1,10.08,游 Surveillance: Moyen,RandomForest,RandomForest
1,0,15,0,1,1,1,1,0,2,0,1,2,1,0,0,1,0,0,1,0,0,1,5,2,1,1,3,4,0,9,10,9,0,0,9.37,游댮 ALERTE: Risque 칄lev칠,RandomForest,RandomForest
1,0,16,0,0,1,2,2,2,2,0,0,3,2,0,0,1,0,0,1,0,1,0,3,4,5,1,2,1,1,9,10,11,1,1,10.83,游 Surveillance: Moyen,RandomForest,RandomForest
1,0,16,1,1,0,2,2,2,2,1,1,1,1,0,0,1,0,0,1,0,0,0,4,3,4,1,2,1,6,7,7,8,0,0,7.85,游댮 ALERTE: Risque 칄lev칠,RandomForest,RandomForest
1,0,17,0,0,1,2,2,0,2,0,1,2,2,0,0,1,0,0,1,1,1,0,4,3,5,1,2,4,0,11,10,11,1,1,10.84,游 Surveillance: Moyen,RandomForest,RandomForest
1,0,16,1,0,1,2,2,2,3,0,0,1,1,1,0,1,1,1,0,1,1,0,4,4,3,1,4,3,1,9,10,10,1,1,9.98,游 Surveillance: Moyen,RandomForest,RandomForest
1,0,18,0,1,0,3,2,2,2,0,2,2,3,2,0,1,0,0,0,0,0,1,3,3,2,1,1,2,6,7,9,10,1,1,9.56,游 Surveillance: Moyen,RandomForest,RandomForest
1,0,19,1,0,1,1,1,0,3,0,1,1,3,1,0,0,0,1,1,0,0,1,5,3,1,1,1,3,6,7,9,9,0,0,9.25,游댮 ALERTE: Risque 칄lev칠,RandomForest,RandomForest
1,1,18,0,0,1,1,1,2,2,1,1,2,1,1,0,0,0,1,1,0,1,0,4,4,3,3,4,4,0,8,9,10,1,1,9.91,游 Surveillance: Moyen,RandomForest,RandomForest
1,0,18,0,0,1,1,1,0,0,0,1,2,1,1,0,0,0,0,0,0,1,1,3,2,3,1,1,2,4,9,11,10,1,1,10.24,游 Surveillance: Moyen,RandomForest,RandomForest
1,0,19,1,0,1,1,1,2,2,0,2,2,2,1,0,1,0,0,1,1,1,1,1,1,4,4,1,1,12,7,8,9,0,0,8.61,游댮 ALERTE: Risque 칄lev칠,RandomForest,RandomForest
1,0,16,0,0,0,2,2,1,2,0,1,1,2,0,0,0,0,0,0,1,0,1,3,3,2,1,1,3,2,8,10,10,1,1,10.01,游 Surveillance: Moyen,RandomForest,RandomForest
1,0,17,1,0,1,0,1,2,0,0,0,2,1,0,0,0,0,1,0,1,0,0,2,4,4,3,5,5,5,9,9,10,1,1,9.85,游 Surveillance: Moyen,RandomForest,RandomForest
1,0,16,0,1,1,1,2,0,2,0,1,1,2,0,0,0,0,1,1,0,1,0,4,4,5,1,3,3,0,8,9,9,0,0,9.3,游댮 ALERTE: Risque 칄lev칠,RandomForest,RandomForest
1,0,16,1,0,1,3,3,2,2,3,1,1,1,0,0,0,0,1,1,0,1,1,4,5,4,1,1,4,0,14,13,13,1,1,13.08,游 Surveillance: Moyen,RandomForest,RandomForest
1,0,16,0,1,1,1,1,3,3,1,1,1,1,0,0,1,0,1,1,1,1,1,4,4,4,2,2,4,2,14,14,14,2,2,15.16,游릭 Performance: Bon,RandomForest,RandomForest
1,1,17,1,0,1,3,3,3,0,0,1,2,4,1,0,1,1,1,1,1,0,0,5,4,5,3,4,5,0,10,11,10,1,1,10.64,游 Surveillance: Moyen,RandomForest,RandomForest
1,0,16,1,0,1,2,1,2,3,0,1,1,2,0,0,1,0,1,1,1,1,0,5,3,3,1,1,1,0,14,13,14,2,2,13.64,游릭 Performance: Bon,RandomForest,RandomForest
1,0,16,1,0,1,2,2,3,2,0,1,1,1,0,0,1,1,1,1,1,0,1,4,2,5,1,2,5,0,17,16,16,2,2,16.3,游릭 Performance: Bon,RandomForest,RandomForest
1,1,17,1,0,1,1,2,2,2,0,0,1,1,1,0,1,0,1,1,0,1,1,5,3,5,5,5,1,12,6,7,7,0,0,6.88,游댮 ALERTE: Risque 칄lev칠,RandomForest,RandomForest
1,1,16,1,1,1,4,3,2,2,0,0,1,1,0,0,0,0,1,1,1,1,0,4,2,5,1,5,5,8,14,12,13,1,1,12.47,游 Surveillance: Moyen,RandomForest,RandomForest
1,1,17,0,1,1,2,2,3,3,2,1,3,4,1,0,1,0,0,1,1,0,0,1,3,5,3,5,3,2,10,8,9,0,0,8.82,游댮 ALERTE: Risque 칄lev칠,RandomForest,RandomForest
1,0,16,1,0,1,1,1,2,2,0,2,1,4,0,1,1,0,1,1,1,1,0,2,2,1,1,1,5,0,14,14,14,2,2,14.28,游릭 Performance: Bon,RandomForest,RandomForest
1,0,19,1,1,1,2,2,2,2,1,1,1,3,0,0,0,0,0,1,1,1,1,5,4,5,1,1,1,0,12,13,13,1,1,13.16,游 Surveillance: Moyen,RandomForest,RandomForest
1,0,17,0,0,1,1,1,0,2,3,1,2,1,0,0,1,0,1,0,1,1,1,4,4,5,1,2,5,0,11,11,11,1,1,11.1,游 Surveillance: Moyen,RandomForest,RandomForest
1,0,20,1,0,1,3,3,0,3,2,1,2,2,1,0,0,0,1,1,1,1,1,3,3,4,2,4,3,8,11,9,10,1,1,9.98,游 Surveillance: Moyen,RandomForest,RandomForest
1,0,17,1,1,1,1,1,2,3,0,0,1,3,0,0,1,0,0,1,1,0,1,4,3,3,1,1,3,0,11,11,10,1,1,11.2,游 Surveillance: Moyen,RandomForest,RandomForest
1,1,17,0,0,1,2,2,2,2,0,1,3,1,1,0,1,0,0,0,1,1,0,4,4,5,1,2,5,0,10,9,9,0,0,9.66,游댮 ALERTE: Risque 칄lev칠,RandomForest,RandomForest
1,0,16,0,1,1,1,1,0,2,0,0,3,2,0,0,1,0,0,1,1,0,0,5,3,2,1,1,1,0,16,17,18,2,2,17.79,游릭 Performance: Bon,RandomForest,RandomForest
1,0,17,0,0,1,2,2,2,2,3,1,2,2,0,0,1,0,1,1,1,0,0,5,3,2,1,1,1,0,15,17,17,2,2,17.01,游릭 Performance: Bon,RandomForest,RandomForest
1,0,17,1,0,0,1,0,2,2,2,1,2,2,0,0,0,0,0,1,1,1,1,4,4,5,1,1,4,1,11,9,10,1,1,10.12,游 Surveillance: Moyen,RandomForest,RandomForest
1,0,18,0,0,1,1,1,0,2,2,1,1,2,1,0,1,0,0,1,1,1,1,4,3,2,1,1,5,9,7,7,7,0,0,7.32,游댮 ALERTE: Risque 칄lev칠,RandomForest,RandomForest
1,0,16,1,0,1,3,1,2,2,0,1,1,1,0,0,0,0,1,1,1,1,0,3,1,3,1,3,1,0,8,6,8,0,0,5.47,游댮 ALERTE: Risque 칄lev칠,RandomForest,RandomForest
1,0,16,1,0,1,3,2,3,0,0,1,1,1,0,0,0,0,0,1,1,1,0,3,1,3,1,4,3,2,7,6,7,0,0,7.75,游댮 ALERTE: Risque 칄lev칠,RandomForest,RandomForest
1,0,18,1,1,1,1,1,2,0,3,1,2,2,0,1,0,0,0,1,1,0,0,2,3,5,1,4,3,8,9,8,10,1,1,9.17,游 Surveillance: Moyen,RandomForest,RandomForest
1,0,16,0,0,1,4,4,1,4,3,0,1,2,0,0,0,0,1,0,1,1,1,4,3,3,2,3,2,0,14,16,16,2,2,16.1,游릭 Performance: Bon,RandomForest,RandomForest
1,0,16,0,1,1,1,2,2,2,3,1,2,1,0,0,0,0,1,1,1,1,0,5,4,5,1,4,2,0,14,14,15,2,2,14.9,游릭 Performance: Bon,RandomForest,RandomForest
1,0,18,1,0,0,2,4,2,3,3,0,1,2,1,0,1,0,0,1,1,1,0,2,3,2,1,3,1,8,8,5,8,0,0,6.08,游댮 ALERTE: Risque 칄lev칠,RandomForest,RandomForest
1,1,16,0,0,1,2,1,2,3,3,1,2,2,0,0,0,0,1,1,1,1,0,5,2,1,1,1,2,0,8,7,0,0,0,2.09,游댮 ALERTE: Risque 칄lev칠,RandomForest,RandomForest
1,0,16,1,1,1,1,1,0,2,2,1,3,2,0,0,1,0,0,1,1,1,0,4,3,2,1,3,5,6,6,8,8,0,0,8.07,游댮 ALERTE: Risque 칄lev칠,RandomForest,RandomForest
1,0,16,0,0,1,2,3,0,3,2,1,2,2,0,0,1,0,1,1,1,1,0,3,3,3,1,1,2,0,8,10,10,1,1,9.82,游 Surveillance: Moyen,RandomForest,RandomForest
1,0,16,1,0,1,4,4,1,1,0,1,1,2,0,0,1,0,0,1,1,1,1,4,3,4,1,2,3,4,8,8,8,0,0,6.9,游댮 ALERTE: Risque 칄lev칠,RandomForest,RandomForest
1,1,18,1,1,1,4,4,0,1,1,1,1,4,0,0,1,0,1,1,0,1,1,5,5,5,5,5,5,2,5,6,6,0,0,5.87,游댮 ALERTE: Risque 칄lev칠,RandomForest,RandomForest
1,0,16,0,1,1,3,4,0,2,2,1,3,2,0,0,1,0,0,0,1,0,0,4,2,1,1,1,2,2,7,9,8,0,0,8.7,游댮 ALERTE: Risque 칄lev칠,RandomForest,RandomForest
1,1,17,1,1,1,4,4,2,3,1,1,1,3,0,0,1,0,0,1,1,1,0,4,4,3,1,2,5,0,15,14,16,2,2,15.49,游릭 Performance: Bon,RandomForest,RandomForest
1,0,17,0,0,1,4,1,2,2,2,1,1,1,0,0,0,0,0,1,1,1,1,4,2,3,1,2,5,1,13,14,14,2,2,14.28,游릭 Performance: Bon,RandomForest,RandomForest
1,1,16,1,1,1,2,2,3,3,2,1,4,3,0,0,0,0,0,1,1,0,0,5,1,3,2,2,3,0,10,9,10,1,1,10.17,游 Surveillance: Moyen,RandomForest,RandomForest
1,0,17,0,0,1,2,2,0,2,2,1,1,1,0,0,1,1,0,1,1,1,0,5,1,3,1,2,5,5,9,9,9,0,0,9.31,游댮 ALERTE: Risque 칄lev칠,RandomForest,RandomForest
1,0,16,1,1,1,4,4,3,3,2,0,2,1,0,0,1,0,0,1,1,0,0,5,1,3,1,2,5,1,11,11,11,1,1,11.26,游 Surveillance: Moyen,RandomForest,RandomForest
1,1,17,1,0,1,3,3,3,3,1,1,1,1,0,0,1,0,1,1,1,1,0,4,1,4,5,5,3,8,7,10,9,0,0,9.06,游댮 ALERTE: Risque 칄lev칠,RandomForest,RandomForest
1,1,17,1,0,1,1,1,0,3,2,1,3,2,0,0,0,0,0,1,1,1,1,5,1,3,3,3,1,0,10,10,10,1,1,10.13,游 Surveillance: Moyen,RandomForest,RandomForest
1,1,16,1,0,1,2,1,1,3,2,1,2,2,0,0,0,0,0,0,1,1,1,4,2,2,1,4,5,2,9,7,8,0,0,7.73,游댮 ALERTE: Risque 칄lev칠,RandomForest,RandomForest
1,0,16,1,1,1,2,1,2,3,2,1,1,2,0,0,0,0,0,1,1,1,1,3,2,2,1,1,3,0,14,15,16,2,2,15.46,游릭 Performance: Bon,RandomForest,RandomForest
1,1,16,1,1,1,4,4,4,1,2,0,1,1,0,0,1,0,0,1,1,1,0,4,1,2,2,5,5,0,11,12,12,1,1,12.15,游 Surveillance: Moyen,RandomForest,RandomForest
1,1,15,0,0,1,1,2,2,3,0,1,3,2,0,0,1,0,1,1,1,0,0,5,5,5,1,3,5,11,9,11,10,1,1,11.2,游 Surveillance: Moyen,RandomForest,RandomForest
1,1,15,1,1,0,2,2,2,2,3,1,3,4,0,0,1,0,1,1,1,0,0,5,4,5,2,3,5,8,13,14,14,2,2,14.07,游릭 Performance: Bon,RandomForest,RandomForest
1,1,15,1,1,0,2,1,3,3,0,1,1,1,0,0,0,0,1,1,1,1,0,4,3,3,1,2,5,11,12,13,12,1,1,12.32,游 Surveillance: Moyen,RandomForest,RandomForest
1,0,16,0,1,1,2,2,2,2,0,1,1,3,0,0,1,0,0,0,1,0,1,4,3,3,2,2,5,2,11,11,11,1,1,11.02,游 Surveillance: Moyen,RandomForest,RandomForest
1,0,16,1,1,1,4,1,2,2,1,1,2,2,0,0,1,0,1,1,1,1,0,1,2,4,2,2,1,8,9,10,10,1,1,9.87,游 Surveillance: Moyen,RandomForest,RandomForest
1,0,17,1,0,1,3,2,0,2,1,1,2,1,0,0,0,0,0,1,1,0,1,4,3,3,2,2,1,5,9,11,11,1,1,10.99,游 Surveillance: Moyen,RandomForest,RandomForest
1,0,17,0,0,1,2,2,2,2,2,1,2,2,0,1,0,1,0,1,1,0,0,5,1,3,1,1,5,0,11,9,11,1,1,10.73,游 Surveillance: Moyen,RandomForest,RandomForest
1,0,16,1,0,1,4,4,4,3,0,1,2,3,0,0,1,0,0,1,1,1,1,5,3,5,1,4,5,1,10,11,12,1,1,11.86,游 Surveillance: Moyen,RandomForest,RandomForest
1,1,17,0,0,1,4,4,1,2,0,0,3,1,3,0,0,0,1,1,1,1,1,3,3,3,1,3,5,2,9,9,8,0,0,8.59,游댮 ALERTE: Risque 칄lev칠,RandomForest,RandomForest
1,1,17,0,1,1,1,3,2,2,0,0,2,1,0,0,0,0,1,1,1,0,1,5,1,2,3,3,5,2,12,11,12,1,1,11.83,游 Surveillance: Moyen,RandomForest,RandomForest
1,1,17,1,0,1,3,4,3,2,2,1,1,2,1,0,1,0,1,0,1,1,1,5,4,4,3,4,5,8,8,9,8,0,0,8.46,游댮 ALERTE: Risque 칄lev칠,RandomForest,RandomForest
1,0,17,1,0,1,4,4,1,1,0,0,1,2,0,0,1,0,0,1,1,1,0,5,2,5,1,1,5,0,13,15,16,2,2,15.52,游릭 Performance: Bon,RandomForest,RandomForest
1,1,16,0,1,1,4,1,2,0,2,0,1,1,0,0,0,0,0,1,1,1,0,4,1,2,2,1,2,0,10,11,11,1,1,11.04,游 Surveillance: Moyen,RandomForest,RandomForest
1,0,17,1,0,0,1,1,0,0,2,1,1,2,0,0,0,0,1,1,1,1,1,4,5,5,1,2,3,2,11,10,11,1,1,10.75,游 Surveillance: Moyen,RandomForest,RandomForest
1,0,17,0,0,1,4,2,2,2,0,1,2,2,0,1,1,0,0,0,1,1,0,4,3,3,2,3,5,0,17,18,18,2,2,17.44,游릭 Performance: Bon,RandomForest,RandomForest
1,1,16,1,1,0,2,2,2,3,0,0,2,2,0,0,1,0,0,0,1,1,1,4,1,2,2,2,5,0,12,13,13,1,1,13.04,游 Surveillance: Moyen,RandomForest,RandomForest
1,1,17,1,0,1,3,2,2,2,2,0,2,2,0,0,1,1,0,1,1,1,0,4,1,2,2,2,1,0,13,14,13,1,1,13.41,游 Surveillance: Moyen,RandomForest,RandomForest
1,1,19,1,0,1,1,1,2,2,2,1,1,2,2,0,1,0,1,1,0,1,0,4,4,3,3,4,4,2,9,9,10,1,1,10.0,游 Surveillance: Moyen,RandomForest,RandomForest
1,1,17,1,1,0,1,0,2,2,1,1,1,1,0,0,0,0,0,1,1,0,1,4,1,2,1,1,5,4,11,11,12,1,1,11.79,游 Surveillance: Moyen,RandomForest,RandomForest
1,0,17,0,0,1,1,1,0,0,0,0,2,1,0,0,1,0,1,1,0,1,1,3,5,5,2,2,4,3,10,11,10,1,1,10.36,游 Surveillance: Moyen,RandomForest,RandomForest
1,0,16,0,0,1,1,2,2,2,1,0,1,3,0,1,1,0,0,0,1,1,1,4,3,4,1,1,3,5,13,14,13,1,1,13.56,游 Surveillance: Moyen,RandomForest,RandomForest
1,1,16,0,1,1,1,2,2,0,0,1,1,1,0,0,0,0,0,1,1,0,0,4,4,4,2,4,5,4,9,10,11,1,1,10.58,游 Surveillance: Moyen,RandomForest,RandomForest
1,0,17,0,0,1,3,1,2,2,0,1,2,2,3,0,1,0,1,0,1,1,1,5,4,4,1,1,5,2,7,9,10,1,0,9.15,游댮 ALERTE: Risque 칄lev칠,RandomForest,RandomForest
1,1,17,0,0,1,2,2,2,2,0,1,2,1,0,0,0,0,1,1,0,0,1,5,5,5,3,5,5,0,8,13,10,1,1,11.25,游 Surveillance: Moyen,RandomForest,RandomForest
1,1,18,0,0,1,1,0,0,0,0,2,3,1,1,1,1,0,0,1,1,0,0,4,3,2,1,1,4,0,12,12,13,1,1,13.04,游 Surveillance: Moyen,RandomForest,RandomForest
1,1,17,0,0,1,1,1,2,3,0,1,2,1,0,0,1,0,1,0,1,1,1,4,5,5,1,3,2,0,10,9,10,1,1,10.27,游 Surveillance: Moyen,RandomForest,RandomForest
1,1,18,1,1,1,1,1,0,0,0,1,2,2,0,0,1,0,1,1,1,0,0,4,3,3,1,4,5,6,10,9,10,1,1,9.96,游 Surveillance: Moyen,RandomForest,RandomForest
1,0,16,0,1,1,2,2,2,3,0,0,1,2,0,0,0,0,1,1,1,0,1,5,4,3,1,1,1,0,11,13,12,1,1,12.32,游 Surveillance: Moyen,RandomForest,RandomForest
1,1,17,1,0,1,2,2,2,2,0,1,1,1,1,0,0,0,1,1,1,0,1,1,2,1,2,3,5,0,7,0,0,0,0,0.89,游댮 ALERTE: Risque 칄lev칠,RandomForest,RandomForest
1,1,16,0,0,1,3,2,3,2,0,0,2,1,0,0,0,0,0,1,1,1,0,4,5,5,2,3,5,2,11,9,10,1,1,10.03,游 Surveillance: Moyen,RandomForest,RandomForest
1,1,16,0,1,1,1,1,0,2,0,1,2,1,0,0,0,0,1,1,1,1,0,4,5,5,2,4,5,0,10,10,9,0,0,9.42,游댮 ALERTE: Risque 칄lev칠,RandomForest,RandomForest
1,1,18,0,0,1,1,1,3,2,0,2,2,1,1,0,1,0,0,1,0,1,1,5,3,3,2,3,5,2,9,7,9,0,0,8.31,游댮 ALERTE: Risque 칄lev칠,RandomForest,RandomForest
1,1,18,0,0,1,3,2,3,2,0,1,1,1,1,0,0,0,0,1,0,1,0,2,3,1,2,2,5,0,4,0,0,0,0,0.74,游댮 ALERTE: Risque 칄lev칠,RandomForest,RandomForest
1,1,19,1,0,1,3,2,0,3,0,1,2,1,3,0,0,0,1,1,1,0,0,3,2,1,1,1,3,4,6,11,9,0,0,9.5,游댮 ALERTE: Risque 칄lev칠,RandomForest,RandomForest
1,1,18,1,0,1,3,3,0,0,0,1,1,2,2,0,1,0,1,1,0,1,0,4,4,5,1,3,3,9,4,8,8,0,0,7.05,游댮 ALERTE: Risque 칄lev칠,RandomForest,RandomForest
1,1,16,0,0,1,2,2,3,3,0,1,2,1,0,0,1,0,1,1,1,1,1,5,4,3,2,4,4,6,7,8,8,0,0,7.88,游댮 ALERTE: Risque 칄lev칠,RandomForest,RandomForest
1,1,19,1,0,1,2,1,0,2,0,2,2,1,3,0,0,0,1,0,0,1,1,4,4,3,1,3,5,4,8,9,9,0,0,9.23,游댮 ALERTE: Risque 칄lev칠,RandomForest,RandomForest
1,0,16,1,0,0,3,2,3,0,0,1,2,2,2,0,1,0,1,1,1,0,1,2,5,5,1,1,1,8,5,5,7,0,0,5.94,游댮 ALERTE: Risque 칄lev칠,RandomForest,RandomForest
1,0,17,1,0,1,1,1,2,0,0,1,1,1,0,0,1,0,1,1,1,0,0,4,3,2,1,2,5,9,7,9,10,1,1,9.69,游 Surveillance: Moyen,RandomForest,RandomForest
1,1,20,0,0,1,1,1,2,2,0,2,2,1,1,0,1,0,0,1,0,1,1,4,4,3,2,4,4,12,8,11,10,1,1,10.19,游 Surveillance: Moyen,RandomForest,RandomForest
1,0,18,0,0,0,4,3,3,3,0,1,1,1,0,0,1,0,0,1,1,1,0,5,4,4,3,4,2,8,10,11,10,1,1,10.65,游 Surveillance: Moyen,RandomForest,RandomForest
1,1,18,0,0,1,3,2,2,2,0,1,2,1,0,0,1,0,0,0,1,1,0,2,5,5,5,5,5,8,9,10,11,1,1,10.67,游 Surveillance: Moyen,RandomForest,RandomForest
1,1,19,0,0,1,1,1,2,3,1,2,3,2,1,0,0,0,0,1,1,1,0,5,4,4,3,3,2,8,10,9,11,1,1,10.63,游 Surveillance: Moyen,RandomForest,RandomForest
1,1,17,1,0,1,3,3,1,2,0,1,2,2,1,0,1,0,0,1,1,1,0,4,5,4,2,3,3,4,8,9,10,1,0,8.58,游댮 ALERTE: Risque 칄lev칠,RandomForest,RandomForest
1,1,18,1,1,1,1,3,0,3,0,1,1,1,0,0,0,0,0,1,0,1,1,4,3,3,2,3,3,0,9,10,9,0,0,9.31,游댮 ALERTE: Risque 칄lev칠,RandomForest,RandomForest
1,1,19,0,0,1,1,1,2,2,1,2,3,1,1,0,1,0,0,1,1,1,0,4,4,4,3,3,5,4,8,9,10,1,1,9.92,游 Surveillance: Moyen,RandomForest,RandomForest
1,0,18,1,0,0,1,2,0,2,0,1,2,2,2,0,1,0,0,1,1,0,0,4,3,3,1,1,5,2,6,8,8,0,0,8.01,游댮 ALERTE: Risque 칄lev칠,RandomForest,RandomForest
1,0,19,1,1,0,1,1,0,2,0,1,1,1,0,0,1,0,0,1,0,0,0,1,4,4,1,1,5,0,6,8,7,0,0,6.89,游댮 ALERTE: Risque 칄lev칠,RandomForest,RandomForest
1,0,18,0,0,1,2,2,2,2,2,1,2,1,1,0,0,0,0,1,0,1,1,5,5,5,1,1,3,0,8,6,0,0,0,1.57,游댮 ALERTE: Risque 칄lev칠,RandomForest,RandomForest
1,0,17,0,0,1,0,0,0,2,0,1,2,1,0,0,1,0,0,1,1,1,0,4,4,3,1,1,5,0,10,11,11,1,1,11.09,游 Surveillance: Moyen,RandomForest,RandomForest
1,0,17,0,1,0,3,1,2,0,0,2,2,3,0,0,1,1,0,1,0,0,0,4,2,3,2,2,3,5,8,7,8,0,0,7.94,游댮 ALERTE: Risque 칄lev칠,RandomForest,RandomForest
1,0,17,1,0,1,4,2,4,3,1,1,1,2,0,1,1,0,1,1,1,1,0,5,5,5,1,3,5,0,8,8,0,0,0,2.29,游댮 ALERTE: Risque 칄lev칠,RandomForest,RandomForest
1,0,18,0,1,1,2,2,3,3,0,1,1,2,1,0,1,0,1,1,1,1,0,2,3,3,1,2,4,3,7,6,8,0,0,7.94,游댮 ALERTE: Risque 칄lev칠,RandomForest,RandomForest
1,0,17,1,0,1,4,1,1,0,0,1,1,1,0,0,1,0,0,1,1,0,1,3,2,2,1,1,5,0,8,10,9,0,0,9.3,游댮 ALERTE: Risque 칄lev칠,RandomForest,RandomForest
1,0,17,1,1,1,1,2,0,2,0,0,1,1,0,0,0,0,0,1,1,1,0,5,5,1,1,1,3,0,7,10,10,1,1,9.53,游 Surveillance: Moyen,RandomForest,RandomForest
1,0,18,1,0,1,1,1,2,2,0,1,3,2,2,0,0,0,1,1,1,0,1,3,4,4,2,2,5,3,7,8,7,0,0,7.47,游댮 ALERTE: Risque 칄lev칠,RandomForest,RandomForest
1,0,18,1,0,1,2,2,3,0,3,0,2,2,0,0,0,0,1,0,1,1,0,4,3,5,1,1,1,2,12,13,14,2,2,13.7,游릭 Performance: Bon,RandomForest,RandomForest
1,0,17,1,0,1,3,3,3,3,0,1,2,1,0,0,1,0,0,1,1,1,0,4,4,3,1,1,4,0,11,12,13,1,1,12.87,游 Surveillance: Moyen,RandomForest,RandomForest
1,0,18,1,1,0,1,2,0,2,3,1,2,2,0,0,0,0,0,1,1,1,0,4,4,3,1,2,4,0,12,13,14,2,1,13.18,游 Surveillance: Moyen,RandomForest,RandomForest
1,0,18,1,0,1,4,4,4,4,3,1,2,2,0,0,0,0,1,0,1,1,0,4,3,5,1,2,1,0,18,18,18,2,2,17.39,游릭 Performance: Bon,RandomForest,RandomForest
1,1,18,1,1,1,4,4,3,2,3,1,1,1,0,0,1,0,1,1,1,1,0,5,4,5,1,1,5,3,17,17,17,2,2,17.0,游릭 Performance: Bon,RandomForest,RandomForest
1,0,17,1,0,1,4,2,2,2,0,1,2,2,0,0,1,0,0,1,1,1,0,4,3,3,1,2,4,0,17,18,18,2,2,17.75,游릭 Performance: Bon,RandomForest,RandomForest
1,0,18,0,0,1,2,2,0,2,0,1,3,2,1,0,0,0,1,1,1,0,1,4,3,3,1,1,4,0,9,0,0,0,0,0.3,游댮 ALERTE: Risque 칄lev칠,RandomForest,RandomForest
1,1,18,1,1,1,1,2,0,3,1,1,2,1,0,0,1,0,0,0,1,0,0,4,1,4,5,5,1,8,10,11,11,1,1,11.2,游 Surveillance: Moyen,RandomForest,RandomForest
1,1,18,0,0,1,4,4,0,3,2,1,3,1,0,0,1,1,1,1,1,1,1,2,5,5,1,1,1,5,12,13,14,2,2,13.73,游릭 Performance: Bon,RandomForest,RandomForest
1,1,17,0,0,1,1,1,2,3,2,0,3,1,0,0,0,0,0,0,0,0,0,4,2,3,3,4,4,4,12,13,14,2,2,13.71,游릭 Performance: Bon,RandomForest,RandomForest
1,0,18,1,0,1,2,2,2,2,0,1,2,2,0,0,1,0,0,0,1,1,1,1,3,1,1,1,2,4,8,8,10,1,0,8.46,游댮 ALERTE: Risque 칄lev칠,RandomForest,RandomForest
1,0,18,1,1,1,2,2,3,3,0,0,2,3,0,0,0,0,0,1,1,1,1,5,4,5,1,4,3,0,11,12,13,1,1,13.35,游 Surveillance: Moyen,RandomForest,RandomForest
1,0,18,0,1,0,4,2,4,2,3,1,1,2,0,0,0,0,1,1,1,1,1,5,3,1,1,1,5,0,5,0,0,0,0,1.09,游댮 ALERTE: Risque 칄lev칠,RandomForest,RandomForest
1,0,18,1,0,1,1,1,0,3,0,1,3,2,1,0,0,0,0,1,0,0,0,4,4,2,1,2,2,2,9,10,10,1,1,10.02,游 Surveillance: Moyen,RandomForest,RandomForest
1,0,19,1,0,1,1,1,0,3,2,0,2,1,1,0,0,0,0,1,0,0,0,5,5,5,2,3,2,0,5,0,0,0,0,0.64,游댮 ALERTE: Risque 칄lev칠,RandomForest,RandomForest
1,0,17,1,0,1,4,2,4,2,0,0,2,4,0,0,0,0,0,1,1,1,1,4,2,3,3,1,5,0,18,18,18,2,2,17.92,游릭 Performance: Bon,RandomForest,RandomForest
1,0,17,0,1,0,2,1,3,2,3,1,2,2,0,0,0,0,1,1,1,1,1,5,3,3,1,2,2,5,11,11,12,1,1,11.61,游 Surveillance: Moyen,RandomForest,RandomForest
1,0,18,1,1,0,1,1,0,3,0,1,1,2,0,0,0,0,0,1,1,0,1,5,2,3,1,2,3,2,8,10,11,1,1,10.55,游 Surveillance: Moyen,RandomForest,RandomForest
1,0,18,1,0,1,1,2,0,0,0,0,2,2,0,0,1,0,0,1,0,0,0,4,1,1,1,1,4,0,11,11,12,1,1,11.64,游 Surveillance: Moyen,RandomForest,RandomForest
1,0,19,0,0,0,1,1,0,0,0,2,2,2,3,0,1,0,1,1,0,0,1,3,5,4,1,4,1,0,8,0,0,0,0,0.72,游댮 ALERTE: Risque 칄lev칠,RandomForest,RandomForest
1,0,18,0,0,1,2,2,3,2,1,1,2,3,0,0,0,0,0,1,1,1,1,4,2,1,1,1,4,5,14,14,15,2,2,15.07,游릭 Performance: Bon,RandomForest,RandomForest
1,1,17,0,0,1,4,3,3,2,1,1,2,2,1,0,1,1,1,0,1,1,1,4,5,5,1,3,2,4,10,11,11,1,1,11.03,游 Surveillance: Moyen,RandomForest,RandomForest
1,0,18,1,0,1,3,3,3,3,0,0,1,2,0,0,1,0,0,1,1,0,1,5,3,4,1,1,5,0,10,10,10,1,1,10.09,游 Surveillance: Moyen,RandomForest,RandomForest
1,0,17,0,0,1,4,4,4,3,2,0,2,2,0,0,1,1,1,1,1,1,0,4,3,3,1,2,5,2,12,12,12,1,1,12.3,游 Surveillance: Moyen,RandomForest,RandomForest
1,0,17,1,1,0,3,2,3,2,3,1,2,2,0,0,0,0,0,1,1,0,1,1,2,3,1,2,5,0,15,14,15,2,2,15.06,游릭 Performance: Bon,RandomForest,RandomForest
1,1,18,1,1,1,1,1,2,3,1,0,2,1,0,0,0,0,0,0,1,1,1,3,3,2,1,2,3,2,14,13,14,2,1,12.82,游 Surveillance: Moyen,RandomForest,RandomForest
1,0,18,1,1,1,1,1,0,3,0,0,2,3,0,0,0,0,0,1,1,1,0,5,3,2,1,1,4,0,19,17,18,2,2,17.68,游릭 Performance: Bon,RandomForest,RandomForest
1,0,18,0,1,0,1,2,0,2,0,1,3,2,0,0,0,0,0,1,1,0,1,4,3,4,1,4,5,0,16,15,15,2,2,15.52,游릭 Performance: Bon,RandomForest,RandomForest
1,0,18,1,0,1,3,3,3,3,2,1,2,2,0,0,1,0,0,1,1,1,1,4,3,2,1,3,3,6,13,12,13,1,1,13.04,游 Surveillance: Moyen,RandomForest,RandomForest
1,0,17,1,1,1,4,4,0,0,0,1,1,2,0,0,1,0,1,1,1,1,1,2,3,4,1,1,1,4,15,14,15,2,2,15.04,游릭 Performance: Bon,RandomForest,RandomForest
1,0,17,0,0,1,1,2,2,3,0,0,2,2,0,0,0,0,0,0,1,0,0,3,2,2,1,2,3,0,13,13,13,1,1,12.97,游 Surveillance: Moyen,RandomForest,RandomForest
1,1,18,0,0,1,1,3,0,2,0,1,2,2,0,0,1,1,0,1,1,0,0,3,3,4,2,4,3,0,8,10,9,0,0,9.24,游댮 ALERTE: Risque 칄lev칠,RandomForest,RandomForest
1,1,18,1,1,1,4,4,4,3,2,1,2,3,0,0,0,0,0,1,1,1,1,4,2,2,2,2,5,0,15,16,16,2,2,16.44,游릭 Performance: Bon,RandomForest,RandomForest
1,0,17,0,0,1,1,1,2,3,3,1,3,1,1,0,1,0,0,1,1,1,1,5,2,1,1,2,1,0,8,8,9,0,0,7.16,游댮 ALERTE: Risque 칄lev칠,RandomForest,RandomForest
1,0,18,1,0,1,2,3,0,3,0,0,2,1,0,0,1,0,0,1,1,1,1,5,2,3,1,2,4,0,10,10,10,1,1,10.06,游 Surveillance: Moyen,RandomForest,RandomForest
1,0,18,0,0,1,4,4,2,4,2,0,3,2,0,0,1,0,0,0,1,1,1,3,2,2,4,2,5,0,7,5,0,0,0,1.11,游댮 ALERTE: Risque 칄lev칠,RandomForest,RandomForest
1,1,18,0,1,1,1,2,0,3,2,0,3,1,0,0,1,0,1,1,0,1,1,4,3,3,2,3,3,3,9,10,10,1,1,10.04,游 Surveillance: Moyen,RandomForest,RandomForest
1,0,17,1,0,1,2,2,2,0,1,1,1,3,0,0,0,0,1,1,1,0,1,3,4,3,1,1,3,8,10,11,12,1,1,11.75,游 Surveillance: Moyen,RandomForest,RandomForest
1,0,17,0,0,1,1,2,2,2,0,1,1,1,0,0,0,0,1,1,1,1,0,3,5,5,1,3,1,4,7,8,9,0,0,8.27,游댮 ALERTE: Risque 칄lev칠,RandomForest,RandomForest
1,0,18,0,1,1,4,4,2,2,3,1,2,3,0,0,0,0,0,1,1,1,0,5,4,4,1,1,1,0,15,17,17,2,2,16.83,游릭 Performance: Bon,RandomForest,RandomForest
1,0,18,0,0,1,1,1,2,2,1,1,4,3,0,0,0,0,0,1,1,1,0,4,3,2,1,2,4,4,10,11,12,1,1,11.9,游 Surveillance: Moyen,RandomForest,RandomForest
1,0,19,0,0,1,1,1,0,2,0,2,2,2,1,0,1,0,0,1,1,1,1,4,3,3,1,1,3,4,7,8,9,0,0,8.78,游댮 ALERTE: Risque 칄lev칠,RandomForest,RandomForest
1,0,18,0,1,1,4,4,4,3,0,1,1,2,0,0,0,0,1,1,1,1,0,5,4,3,3,4,2,1,13,14,14,2,2,14.06,游릭 Performance: Bon,RandomForest,RandomForest
1,0,18,1,0,1,3,3,2,2,1,1,1,2,0,0,0,0,0,1,1,1,1,4,1,3,1,2,1,1,16,16,16,2,2,16.19,游릭 Performance: Bon,RandomForest,RandomForest
1,0,17,0,0,1,3,1,0,2,3,1,1,2,0,0,1,0,1,0,1,1,0,4,5,4,2,3,1,10,8,9,9,0,0,9.09,游댮 ALERTE: Risque 칄lev칠,RandomForest,RandomForest
1,1,18,1,0,1,4,4,4,4,1,0,1,2,0,0,0,0,1,0,1,1,0,3,2,4,1,4,2,4,17,18,19,2,2,17.26,游릭 Performance: Bon,RandomForest,RandomForest
1,1,18,0,0,1,2,1,2,2,2,1,2,1,0,0,0,0,1,0,1,1,1,4,4,3,1,3,5,0,7,7,0,0,0,1.79,游댮 ALERTE: Risque 칄lev칠,RandomForest,RandomForest
1,1,17,1,0,1,2,3,2,3,1,0,2,2,0,0,0,0,1,1,1,1,0,4,4,3,1,1,3,4,14,15,16,2,2,15.83,游릭 Performance: Bon,RandomForest,RandomForest
1,1,19,0,0,1,1,1,2,3,2,1,2,1,1,0,0,0,0,1,1,0,0,4,3,2,1,3,5,0,5,8,0,0,0,2.82,游댮 ALERTE: Risque 칄lev칠,RandomForest,RandomForest
1,1,18,0,0,1,4,2,2,2,1,0,2,1,1,0,0,1,0,1,1,0,0,5,4,3,4,3,3,0,7,7,0,0,0,1.54,游댮 ALERTE: Risque 칄lev칠,RandomForest,RandomForest
1,0,18,0,0,1,2,2,0,2,2,1,2,3,0,0,0,0,0,1,1,0,0,5,3,3,1,3,4,0,14,17,15,2,2,15.88,游릭 Performance: Bon,RandomForest,RandomForest
1,0,17,1,0,1,4,3,4,2,2,1,2,2,0,0,0,0,0,1,1,1,0,5,5,4,1,1,1,0,6,9,11,1,1,8.88,游 Surveillance: Moyen,RandomForest,RandomForest
1,0,18,0,0,1,4,4,4,0,3,1,3,1,0,0,1,0,1,1,1,1,1,4,4,3,2,2,5,4,7,9,10,1,1,9.7,游 Surveillance: Moyen,RandomForest,RandomForest
1,0,19,0,0,1,2,3,3,2,0,1,1,3,1,0,0,0,1,0,1,1,0,5,4,2,1,2,5,4,10,11,10,1,1,10.95,游 Surveillance: Moyen,RandomForest,RandomForest
1,0,18,1,1,1,3,1,4,3,0,1,1,2,0,0,1,0,0,1,1,1,0,4,3,4,1,1,1,4,15,15,16,2,2,15.67,游릭 Performance: Bon,RandomForest,RandomForest
1,0,18,1,0,1,1,1,2,2,0,1,2,2,0,0,0,0,1,1,1,0,0,1,1,1,1,1,5,6,11,12,9,0,0,10.69,游댮 ALERTE: Risque 칄lev칠,RandomForest,RandomForest
1,1,17,1,1,1,3,1,3,3,0,1,2,1,0,0,0,0,0,0,1,1,0,2,4,5,3,4,2,6,10,10,10,1,1,10.11,游 Surveillance: Moyen,RandomForest,RandomForest
1,1,18,0,1,1,3,2,3,2,0,1,3,1,0,0,0,0,0,0,1,1,0,4,4,1,3,4,5,4,10,11,11,1,1,11.16,游 Surveillance: Moyen,RandomForest,RandomForest
